2012Smp_No,Mgt_Strip,Strip_No,Land_Class,2001Smp_No,12CC_0_6in,12C_0_6in,12N_0_6in,12SOC_0_6,12CC_6_12,12C_6_12in,12N_6_12in,12SOC_6_12,12CC_0_1ft,12C_0_1ft,12N_0_1ft,12SOC_0_1,01CC_0_1ft,01CC_1_2ft,01CC_2_3ft,01CC_0_3ft,CC_diff,CC_n3diff,UTME_2012,UTMN_2012,ELEV_2001,ELEV_2012,ELEVDIFF,ChgClass_5,SLOPE,ASPECT,COSASP,POTSOLRAD,CURV,LNSCASINK,WETSINK,LNSCAFILL,WETFILL,SOILUNIT,UNITNAME
5,East,12,SideNorthface,24,5.12344,1.02,0.05,0.404941176,7.52602,1.09,0.03,0.186516206,6.32473,1.055,0.04,0.295728691,7.556988,9.590205,6.839876,7.995689667,-1.232258,-0.154115286,513887.942,4494821.639,1575.224853,1575.211,-0.013853,Unchanged,5.489999,64.489997,0.4307,0.9804,-0.000799,5.3,8.21,5.3,8.21,2,Wagonwheel loam 2 to 5 percent slope
6,East,12,SideNorthface,22,10.4509,1.81,0.06,0.555390156,11.80888,1.75,0.04,0.332367347,11.12989,1.78,0.05,0.443878752,13.04804,7.387652,7.81456,9.416750667,-1.91815,-0.203695528,513913.696,4494915.943,1571.296386,1571.353,0.056614,Deposited,11.21,57.93,0.531,0.9512,-0.007199,4.659999,6.849999,4.659999,6.849999,2,Wagonwheel loam 2 to 5 percent slope
7,East,12,SideNorthface,20,2.40748,0.76,0.06,0.470986795,6.2725,1.26,0.06,0.5069988,4.33999,1.01,0.06,0.488992797,1.45962,12.954585,6.160244,6.858149667,2.88037,0.419992292,513938.527,4495009.965,1568.029418,1568.09,0.060582,Deposited,3.38,28.479999,0.879,0.9742,0.0012,2.74,6.13,2.74,6.13,2,Wagonwheel loam 2 to 5 percent slope
8,East,12,Toe,18,1.25842,0.74,0.068,0.588929172,1.0495,0.6,0.06,0.474009604,1.15396,0.67,0.064,0.531469388,0,0.3976,3.51563,1.30441,1.15396,0.884660498,513964.478,4495111.609,1564.581542,1564.573,-0.008542,Unchanged,4.55,35.900001,0.81,0.967999,0.002,7.659999,10.75,7.659999,10.75,2,Wagonwheel loam 2 to 5 percent slope
9,East,12,Toe,16,2.0941,0.7,0.06,0.448607443,0.94504,0.49,0.05,0.37654982,1.51957,0.595,0.055,0.412578631,0.899924,5.897228,6.839876,4.545676,0.619646,0.136315479,513989.564,4495207.483,1560.005004,1559.995,-0.010004,Unchanged,4.579999,353.320007,0.9932,0.959999,0.021199,3.99,7.07,3.99,7.07,5,Kim sandy loam 5 to 9 percent slope
10,East,12,SideSouthface,14,4.07884,0.99,0.06,0.500343337,8.46616,1.37,0.04,0.353654262,6.2725,1.18,0.05,0.4269988,15.803776,18.25898,21.45899,18.50724867,-9.531276,-0.51500232,514012.762,4495304.528,1562.130493,1561.96,-0.170493,Eroded,1.47,137.580001,-0.7382,1.009299,-0.006399,1.61,5.829999,1.61,5.829999,5,Kim sandy loam 5 to 9 percent slope
11,East,12,SideSouthface,12,1.25842,0.64,0.05,0.488929172,0.84058,0.47,0.05,0.369090036,1.0495,0.555,0.05,0.429009604,1.0858,2.5366,12.954585,5.525661667,-0.0363,-0.006569349,513975.759,4495292.775,1563.108764,1563.197,0.088236,Deposited,2.519999,96.61,-0.115099,1.002699,0.004399,4.07,7.75,4.07,7.75,5,Kim sandy loam 5 to 9 percent slope
12,East,12,Toe,10,1.5718,0.64,0.05,0.451308523,1.0495,0.58,0.05,0.454009604,1.31065,0.61,0.05,0.452659064,1.513628,0.198548,0,0.570725333,-0.202978,-0.355649186,513948.684,4495193.75,1561.217163,1561.016,-0.201163,Eroded,2.319999,74.440002,0.2682,0.994799,0.0272,11.329999,15.1,11.56,15.319999,5,Kim sandy loam 5 to 9 percent slope
13,East,12,Toe,8,0.94504,0.67,0.07,0.55654982,0.63166,0.46,0.06,0.384170468,0.78835,0.565,0.065,0.470360144,0,0,12.99866,4.332886667,0.78835,0.181945677,513925.175,4495109.487,1565.588012,1565.693,0.104988,Deposited,1.74,43.740001,0.7225,0.989199,0.001599,6.389999,10.439999,6.389999,10.439999,2,Wagonwheel loam 2 to 5 percent slope
14,East,12,SideNorthface,6,1.46734,0.78,0.07,0.603848739,4.28776,1.11,0.08,0.595262905,2.87755,0.945,0.075,0.599555822,2.268287,10.0231,8.84014,7.043842333,0.609263,0.086495832,513897.496,4495014.329,1568.618286,1568.763,0.144714,Deposited,4.3,50.310001,0.638599,0.976499,0.004399,5.119999,8.27,5.119999,8.27,2,Wagonwheel loam 2 to 5 percent slope
15,East,12,SideNorthface,4,8.46616,1.66,0.06,0.643654262,15.6739,2.46,0.06,0.578379352,12.07003,2.06,0.06,0.611016807,12.580765,12.935328,8.811934,11.44267567,-0.510735,-0.044634228,513870.546,4494920.731,1572.5708,1572.73,0.1592,Deposited,5.3,39.319999,0.773599,0.9645,0.0024,5.059999,8,5.059999,8,2,Wagonwheel loam 2 to 5 percent slope
16,East,12,SideNorthface,2,2.30302,0.67,0.06,0.393527011,0.63166,0.59,0.08,0.514170468,1.46734,0.63,0.07,0.453848739,0.812252,0.057795,8.5622,3.144082333,0.655088,0.208355867,513841.455,4494818.942,1577.233154,1577.345,0.111846,Deposited,4.639999,85.239997,0.082999,0.9975,-0.002,4.199999,7.269999,4.199999,7.269999,1,Wagonwheel loam 0 to 2 percent slope
17,West,11,SideNorthface,26,1.5718,0.8,0.08,0.611308523,0.5272,0.58,0.08,0.516710684,1.0495,0.69,0.08,0.564009604,0.057795,3.14181,8.363739,3.854448,0.991705,0.257288463,513776.652,4494780.941,1579.505981,1579.593,0.087019,Deposited,1.929999,72.839996,0.294999,0.995199,-0.0012,5.449999,9.39,5.449999,9.39,1,Wagonwheel loam 0 to 2 percent slope
18,West,11,SideNorthface,28,6.89926,1.29,0.06,0.461757503,8.57062,1.29,0.04,0.261114046,7.73494,1.29,0.05,0.361435774,9.12293,4.233208,6.660598,6.672245333,-1.38799,-0.208024425,513803.913,4494876.832,1577.760375,1577.832,0.071625,Deposited,6.69,57.549999,0.536599,0.9699,0.000399,5.059999,7.769999,5.059999,7.769999,2,Wagonwheel loam 2 to 5 percent slope
19,West,11,SideNorthface,30,2.51194,0.77,0.07,0.468446579,0.73612,0.6,0.08,0.511630252,1.62403,0.685,0.075,0.490038415,0,11.73967,8.543017,6.760895667,1.62403,0.240209298,513831.374,4494973.147,1572.265747,1572.385,0.119253,Deposited,4.429999,38.650001,0.781,0.970099,-0.000799,5.05,8.17,5.05,8.17,2,Wagonwheel loam 2 to 5 percent slope
20,West,11,Toe,32,0.94504,0.72,0.08,0.60654982,6.37696,1.36,0.08,0.594458583,3.661,1.04,0.08,0.600504202,7.81456,13.266408,5.01091,8.697292667,-4.15356,-0.477569303,513859.565,4495071.903,1568.851074,1568.887,0.035926,Unchanged,4.19,57.279998,0.540499,0.980799,0.002,5.659999,8.829999,5.659999,8.829999,2,Wagonwheel loam 2 to 5 percent slope
21,West,11,Toe,34,5.54128,1.19,0.07,0.524780312,8.3617,1.34,0.05,0.336194478,6.95149,1.265,0.06,0.430487395,6.212403,4.07636,9.667124,6.651962333,0.739087,0.111108116,513886.789,4495166.695,1565.888061,1566.024,0.135939,Deposited,5.92,42.150001,0.7414,0.9621,-0.000799,4.909999,7.739999,4.909999,7.739999,2,Wagonwheel loam 2 to 5 percent slope
22,West,11,SideSouthface,36,6.2725,1.34,0.07,0.5869988,10.9732,1.75,0.05,0.432689076,8.62285,1.545,0.06,0.509843938,11.590743,6.391681,3.523233,7.168552333,-2.967893,-0.41401567,513910.824,4495253.653,1565.128906,1565.251,0.122094,Deposited,3.25,130.740005,-0.652599,1.0182,-0.0052,2,5.429999,2,5.429999,5,Kim sandy loam 5 to 9 percent slope
23,West,11,SideSouthface,38,2.19856,0.79,0.07,0.526067227,0.84058,0.52,0.07,0.419090036,1.51957,0.655,0.07,0.472578631,1.192619,0.33816,0.244705,0.591828,0.326951,0.552442602,513938.107,4495347.88,1564.894409,1564.989,0.094591,Deposited,4.739999,112.650001,-0.3851,1.0161,-0.004,4.199999,7.25,4.199999,7.25,4,Kim sandy loam 2 to 5 percent slope
24,West,11,SideNorthface,40,3.03424,1,0.08,0.635745498,7.42156,1.41,0.07,0.519056423,5.2279,1.205,0.075,0.57740096,2.300715,13.383523,8.722295,8.135511,2.927185,0.359803459,513968.685,4495447.359,1562.713745,1562.813,0.099255,Deposited,2.809999,75.470001,0.2509,0.994199,0.002,4.4,7.969999,4.4,7.969999,4,Kim sandy loam 2 to 5 percent slope
26,West,11,SideNorthface,44,1.67626,0.76,0.07,0.558768307,9.61522,1.73,0.06,0.575711885,5.64574,1.245,0.065,0.567240096,0.385868,13.473162,7.44074,7.099923333,5.259872,0.740835042,513927.503,4495478.814,1563.80664,1563.858,0.05136,Deposited,2.339999,67.150001,0.3883,0.992299,0.004,5.349999,9.1,5.349999,9.1,4,Kim sandy loam 2 to 5 percent slope
27,West,11,SideSouthface,46,2.72086,0.99,0.08,0.663366146,8.77954,1.51,0.06,0.456033613,5.7502,1.25,0.07,0.55969988,2.089009,8.005183,14.54883,8.214340667,3.661191,0.445707227,513901.504,4495382.267,1566.086914,1566.188,0.101086,Deposited,4.03,138.830001,-0.752799,1.025799,-0.000399,3.009999,6.23,3.009999,6.23,4,Kim sandy loam 2 to 5 percent slope
28,West,11,SideSouthface,48,8.15278,1.61,0.06,0.63127491,8.98846,1.31,0.03,0.230953181,8.57062,1.46,0.045,0.431114046,12.576772,8.453378,4.26327,8.43114,-4.006152,-0.475161366,513872.166,4495285.345,1566.556884,1566.592,0.035116,Unchanged,3.15,148.830001,-0.855599,1.022799,-0.003199,2.24,5.699999,2.24,5.699999,4,Kim sandy loam 2 to 5 percent slope
29,West,11,Toe,50,0.42274,0.71,0.06,0.6592509,0.63166,0.57,0.05,0.494170468,0.5272,0.64,0.055,0.576710684,1.013341,0.565146,0.385868,0.654785,-0.486141,-0.742443703,513852.405,4495217.891,1563.593627,1563.303,-0.290627,Eroded,2.39,143.729995,-0.8062,1.016399,0.0196,11.229999,14.96,11.479999,15.21,5,Kim sandy loam 5 to 9 percent slope
30,West,11,Toe,52,0.94504,0.68,0.06,0.56654982,3.97438,0.94,0.05,0.462883553,2.45971,0.81,0.055,0.514716687,3.254316,11.590743,8.184461,7.676506667,-0.794606,-0.103511406,513823.386,4495118.893,1568.960571,1568.968,0.007429,Unchanged,2.88,18.379999,0.949,0.976199,0.0024,6.38,9.93,6.38,9.93,2,Wagonwheel loam 2 to 5 percent slope
31,West,11,SideNorthface,54,3.45208,1.08,0.08,0.665584634,7.94386,1.41,0.06,0.456355342,5.69797,1.245,0.07,0.560969988,5.949516,12.845689,11.646215,10.14714,-0.251546,-0.024789842,513795.672,4495022.591,1571.8385,1572.012,0.1735,Deposited,4.03,49.580001,0.6484,0.977599,0.003199,4.619999,7.829999,4.619999,7.829999,2,Wagonwheel loam 2 to 5 percent slope
32,West,11,SideNorthface,56,7.00372,1.16,0.04,0.319217287,7.8394,1.06,0.03,0.118895558,7.42156,1.11,0.035,0.219056423,7.825905,8.722295,9.349768,8.632656,-0.404345,-0.046839003,513768.534,4494926.387,1577.29602,1577.41,0.11398,Deposited,7.639999,47.25,0.678799,0.9556,-0.002,5.079999,7.659999,5.079999,7.659999,2,Wagonwheel loam 2 to 5 percent slope
33,West,11,SideNorthface,58,3.661,1.09,0.08,0.650504202,2.51194,0.77,0.07,0.468446579,3.08647,0.93,0.075,0.55947539,0.923702,4.32354,7.736266,4.327836,2.162768,0.499734278,513741.085,4494831.161,1580.111938,1580.24,0.128062,Deposited,2.779999,82.5,0.1305,0.9972,0.003599,5.09,8.67,5.079999,8.659999,1,Wagonwheel loam 0 to 2 percent slope
34,East,10,SideNorthface,60,4.60114,1.1,0.06,0.547642257,8.3617,1.28,0.05,0.276194478,6.48142,1.19,0.055,0.411918367,10.280828,8.005183,9.403295,9.229768667,-3.799408,-0.411647154,513647.772,4494775.609,1583.800415,1583.859,0.058585,Deposited,4.21,68.339996,0.3691,0.9871,0.0012,3.38,6.55,3.38,6.55,2,Wagonwheel loam 2 to 5 percent slope
35,East,10,SideNorthface,61,7.10818,1.36,0.07,0.506677071,9.51076,1.43,0.03,0.288252101,8.30947,1.395,0.05,0.397464586,6.6861,7.44074,4.4617,6.19618,1.62337,0.261995294,513670.446,4494874.909,1582.387817,1582.558,0.170183,Deposited,4.19,72.61,0.2989,0.989799,-0.0012,4,7.179999,4,7.179999,2,Wagonwheel loam 2 to 5 percent slope
36,East,10,SideNorthface,62,2.40748,1.4,0.06,1.110986795,7.3171,1.05,0.03,0.171596639,4.86229,1.225,0.045,0.641291717,7.8992,6.686276,7.908015,7.497830333,-3.03691,-0.405038506,513684.358,4494936.272,1581.693237,1581.697,0.003763,Unchanged,6.369999,67.419998,0.384,0.980099,-0.003199,2.89,5.65,2.89,5.65,2,Wagonwheel loam 2 to 5 percent slope
37,East,10,SideNorthface,63,9.30184,1.77,0.07,0.653332533,10.55536,1.69,0.04,0.42284994,9.9286,1.73,0.055,0.538091236,10.6799,8.901573,9.05342,9.544964333,-0.7513,-0.078711661,513704.825,4495027.241,1575.749633,1575.7,-0.049633,Unchanged,7.65,44.630001,0.7117,0.953199,0.001599,4.23,6.8,4.23,6.8,3,Colby loam 5 to 9 percent slope
38,East,10,Toe,64,4.39222,1.01,0.06,0.482722689,8.15278,1.38,0.04,0.40127491,6.2725,1.195,0.05,0.4419988,10.24439,10.694353,8.264372,9.734371667,-3.97189,-0.408027363,513728.299,4495130.097,1570.249267,1570.377,0.127733,Deposited,3.579999,35.36,0.8155,0.974699,0.001599,5.429999,8.76,5.429999,8.76,2,Wagonwheel loam 2 to 5 percent slope
39,East,10,Toe,65,6.8848,1.38,0.06,0.553493397,7.784,1.25,0.04,0.315546218,7.3344,1.315,0.05,0.434519808,7.646627,4.63709,4.582148,5.621955,-0.312227,-0.055537086,513746.981,4495211.417,1567.722167,1567.891,0.168833,Deposited,6.619999,32.159999,0.846599,0.950999,-0.003199,4.75,7.46,4.76,7.48,5,Kim sandy loam 5 to 9 percent slope
40,East,10,Toe,66,2.3888,0.9,0.07,0.613229292,2.5012,0.69,0.05,0.389735894,2.445,0.795,0.06,0.501482593,2.76799,0,0.461564,1.076518,-0.32299,-0.300032141,513760.549,4495270.03,1566.811157,1566.812,0.000843,Unchanged,1.86,98.93,-0.1552,1.002599,0.0076,10.989999,14.979999,11.289999,15.27,5,Kim sandy loam 5 to 9 percent slope
41,East,10,SideSouthface,67,0.9276,0.79,0.08,0.678643457,0.2532,0.62,0.06,0.589603842,0.5904,0.705,0.07,0.634123649,0.15125,3.702511,7.0335,3.629087,0.43915,0.121008397,513783.035,4495367.87,1569.22644,1569.221,-0.00544,Unchanged,3.009999,160.139999,-0.9405,1.0239,-0.000799,2.38,5.889999,2.38,5.889999,4,Kim sandy loam 2 to 5 percent slope
42,East,10,SideNorthface,68,6.2104,1.33,0.06,0.584453782,13.5164,2.04,0.05,0.417382953,9.8634,1.685,0.055,0.500918367,11.949299,11.501104,28.532514,17.327639,-2.085899,-0.120379874,513803.987,4495460.064,1568.93457,1568.967,0.03243,Unchanged,2.609999,72.230003,0.3052,0.993399,0,3.509999,7.15,3.509999,7.15,4,Kim sandy loam 2 to 5 percent slope
43,East,10,SideNorthface,69,3.1756,1.04,0.07,0.65877551,8.5708,1.6,0.06,0.571092437,5.8732,1.32,0.065,0.614933974,9.708324,26.038285,25.360412,20.369007,-3.835124,-0.188282325,513774.972,4495495.814,1569.384521,1569.553,0.168479,Deposited,3.619999,84.739997,0.0917,0.9976,-0.0012,3.68,7,3.68,7,4,Kim sandy loam 2 to 5 percent slope
44,East,10,SideSouthface,70,7.3344,1.63,0.07,0.749519808,12.7296,1.87,0.04,0.341836735,10.032,1.75,0.055,0.545678271,13.04804,7.467349,7.826012,9.447133667,-3.01604,-0.319254507,513750.752,4495391.097,1570.085571,1570.177,0.091429,Deposited,2.849999,95.720001,-0.099699,1.002699,-0.002,2.539999,6.09,2.539999,6.09,4,Kim sandy loam 2 to 5 percent slope
45,East,10,SideSouthface,71,3.4004,0.99,0.06,0.581788715,1.1524,0.54,0.05,0.401656663,2.2764,0.765,0.055,0.491722689,0.461564,0.198548,2.089009,0.916373667,1.814836,1.980454116,513729.58,4495296.746,1568.071166,1568.033,-0.038166,Unchanged,4.01,187.309997,-0.9919,1.0333,0.003599,3.68,6.9,3.68,6.9,5,Kim sandy loam 5 to 9 percent slope
46,East,10,Toe,72,2.164,0.91,0.07,0.650216086,3.85,0.92,0.51,0.457815126,3.007,0.915,0.29,0.554015606,5.57164,5.10818,3.35474,4.678186667,-2.56464,-0.548212413,513713.914,4495227.205,1567.936157,1568.016,0.079843,Deposited,2.7,46.560001,0.6876,0.984099,0.005599,7.449999,11.06,7.539999,11.149999,5,Kim sandy loam 5 to 9 percent slope
47,East,10,SideNorthface,73,4.8616,1.25,0.08,0.66637455,12.9544,2.03,0.05,0.47484994,8.908,1.64,0.065,0.570612245,3.149224,7.25383,9.403295,6.602116333,5.758776,0.872262122,513691.182,4495131.923,1571.246826,1571.396,0.149174,Deposited,4.5,34.069999,0.8284,0.967599,0.001599,5.05,8.159999,5.05,8.159999,2,Wagonwheel loam 2 to 5 percent slope
48,East,10,SideNorthface,74,9.6948,1.79,0.07,0.626158463,12.28,1.81,0.04,0.335810324,10.9874,1.8,0.055,0.480984394,14.262955,6.1729,7.646627,9.360827333,-3.275555,-0.349921528,513668.861,4495034.605,1577.076171,1577.262,0.185829,Deposited,7.94,42.310001,0.739499,0.949299,-0.002,5.32,7.849999,5.32,7.849999,3,Colby loam 5 to 9 percent slope
49,East,10,Summit,75,5.1988,1.17,0.06,0.545894358,7.784,1.28,0.04,0.345546218,6.4914,1.225,0.05,0.445720288,6.510932,7.721105,7.650668,7.294235,-0.019532,-0.002677731,513646.965,4494935.935,1582.861694,1582.908,0.046306,Unchanged,2.71,61.729999,0.4736,0.989099,-0.002799,2.579999,6.19,2.579999,6.19,2,Wagonwheel loam 2 to 5 percent slope
50,East,10,Summit,76,7.1096,1.4,0.07,0.546506603,15.4272,2.06,0.05,0.207995198,11.2684,1.73,0.06,0.3772509,9.349768,9.05342,8.811934,9.071707333,1.918632,0.211496241,513630.849,4494864.268,1583.937866,1583.973,0.035134,Unchanged,2.279999,59.479999,0.507799,0.990199,-0.002799,2.94,6.719999,2.94,6.719999,1,Wagonwheel loam 0 to 2 percent slope
51,East,10,SideNorthface,77,7.8964,1.58,0.08,0.632052821,8.0088,1.18,0.04,0.218559424,7.9526,1.38,0.06,0.425306122,9.260129,5.67852,4.169815,6.369488,-1.307529,-0.205280079,513613.262,4494790.01,1584.526123,1584.519,-0.007123,Unchanged,1.809999,63.400001,0.4478,0.993099,0.0012,3.97,7.989999,4.409999,8.43,2,Wagonwheel loam 2 to 5 percent slope
52,West,9,Summit,78,7.8964,1.59,0.08,0.642052821,14.528,2.17,0.05,0.425942377,11.2122,1.88,0.065,0.533997599,5.136528,9.30984,4.684868,6.377078667,6.075672,0.952735934,513523.8,4494778.969,1585.116821,1585.141,0.024179,Unchanged,0.949999,222,-0.743099,1.006,-0.001599,1.61,6.269999,1.61,6.269999,2,Wagonwheel loam 2 to 5 percent slope
53,West,9,Summit,80,1.4896,0.87,0.09,0.691176471,0.5904,0.56,0.07,0.489123649,1.04,0.715,0.08,0.59015006,0.565146,12.576772,11.142548,8.094822,0.474854,0.05866145,513541.404,4494878.197,1584.748657,1584.811,0.062343,Deposited,0.639999,60.380001,0.494199,0.9973,0,1.61,6.659999,1.61,6.659999,1,Wagonwheel loam 0 to 2 percent slope
54,West,9,Summit,82,7.4468,1.48,0.08,0.586026411,11.6056,1.78,0.05,0.386770708,9.5262,1.63,0.065,0.486398559,9.618685,8.37529,6.212403,8.068792667,-0.092485,-0.011462062,513565.896,4494979.69,1583.145507,1583.398,0.252493,Deposited,3.819999,43.549999,0.724799,0.976199,0.000399,3.779999,7.039999,3.779999,7.039999,2,Wagonwheel loam 2 to 5 percent slope
55,West,9,SideNorthface,84,4.974,1.2,0.08,0.602881152,8.4584,1.32,0.05,0.304585834,6.7162,1.26,0.065,0.453733493,7.646627,12.487133,12.487133,10.873631,-0.930427,-0.085567277,513587.274,4495073.988,1577.887207,1577.963,0.075793,Deposited,7.44,43.86,0.721,0.9538,0.003199,4.53,7.13,4.53,7.13,3,Colby loam 5 to 9 percent slope
56,West,9,SideNorthface,86,0.5904,0.66,0.07,0.589123649,0.2532,0.6,0.07,0.569603842,0.4218,0.63,0.07,0.579363745,0.385868,9.17049,9.403295,6.319884333,0.035932,0.005685547,513605.844,4495164.55,1572.365356,1572.655,0.289644,Deposited,4.13,53.009998,0.6017,0.978799,-0.000399,5.139999,8.319999,5.139999,8.319999,2,Wagonwheel loam 2 to 5 percent slope
57,West,9,Toe,88,4.1872,0.8,0.04,0.297334934,4.5244,0.79,0.03,0.246854742,4.3558,0.795,0.035,0.272094838,3.235265,1.951988,2.487625,2.558292667,1.120535,0.438001099,513626.51,4495266.605,1569.280517,1569.178,-0.102517,Eroded,5.179999,51.580001,0.621399,0.972599,0.0092,10.75,13.71,11.09,14.05,2,Wagonwheel loam 2 to 5 percent slope
58,West,9,SideSouthface,90,0.478,0.71,0.08,0.652617047,0.1408,0.65,0.08,0.633097239,0.3094,0.68,0.08,0.642857143,0,0,4.74916,1.583053333,0.3094,0.195445089,513645.157,4495357.07,1570.663085,1570.735,0.071915,Deposited,2.97,147.889999,-0.847,1.021299,0.0012,4.96,8.47,4.96,8.47,4,Kim sandy loam 2 to 5 percent slope
59,West,9,SideSouthface,92,2.3888,0.91,0.07,0.623229292,4.6368,0.99,0.06,0.433361345,3.5128,0.95,0.065,0.528295318,1.57364,8.094822,4.240345,4.636269,1.93916,0.418258733,513666.241,4495457.067,1572.314575,1572.469,0.154425,Deposited,3.519999,97.870002,-0.136899,1.0046,0.0012,4.449999,7.789999,4.449999,7.789999,4,Kim sandy loam 2 to 5 percent slope
60,West,9,SideNorthface,94,0.5904,0.61,0.07,0.539123649,6.2104,1.42,0.09,0.674453782,3.4004,1.015,0.08,0.606788715,1.179255,17.732948,47.43948,22.11722767,2.221145,0.100426013,513643.508,4495519.744,1573.501708,1573.554,0.052292,Deposited,4.039999,84.400001,0.097599,0.9972,-0.000799,4.329999,7.539999,4.329999,7.539999,4,Kim sandy loam 2 to 5 percent slope
61,West,9,SideSouthface,96,4.1872,1.1,0.08,0.597334934,9.6948,1.63,0.07,0.466158463,6.941,1.365,0.075,0.531746699,11.75702,10.873631,3.600884,8.743845,-4.81602,-0.550789727,513623.549,4495420.812,1573.315551,1573.314,-0.001551,Unchanged,3.24,166.960006,-0.9742,1.0266,-0.002799,2.43,5.86,2.43,5.86,4,Kim sandy loam 2 to 5 percent slope
62,West,9,SideSouthface,98,1.2648,0.84,0.07,0.688163265,1.1524,0.71,0.07,0.571656663,1.2086,0.775,0.07,0.629909964,0.20659,11.142548,10.335797,7.228311667,1.00201,0.138622966,513602.079,4495320.605,1570.904052,1570.958,0.053948,Deposited,2.2,139.699996,-0.7627,1.014299,0.001599,5.07,8.89,5.07,8.89,4,Kim sandy loam 2 to 5 percent slope
63,West,9,Toe,100,0.7028,0.72,0.07,0.635630252,0.1408,0.57,0.06,0.553097239,0.4218,0.645,0.065,0.594363745,0,0,12.206945,4.068981667,0.4218,0.1036623,513587.466,4495250.971,1570.663208,1570.799,0.135792,Deposited,2.74,50.159999,0.6406,0.985,0.000399,5.739999,9.34,5.929999,9.52,2,Wagonwheel loam 2 to 5 percent slope
64,West,9,SideNorthface,102,0.8152,0.71,0.07,0.612136855,2.3888,0.81,0.07,0.523229292,1.602,0.76,0.07,0.567683073,0,6.839876,13.67392,6.837932,1.602,0.234281359,513562.779,4495139.321,1574.909423,1575.143,0.233577,Deposited,6.09,40.25,0.763199,0.9598,0.002,4.679999,7.48,4.679999,7.48,3,Colby loam 5 to 9 percent slope
65,West,9,SideNorthface,104,5.536,1.1,0.05,0.435414166,9.9196,1.54,0.05,0.349171669,7.7278,1.32,0.05,0.392292917,3.79215,8.991212,4.7752,5.852854,3.93565,0.672432629,513542.616,4495035.968,1582.508544,1582.644,0.135456,Deposited,7.059999,51.729999,0.6194,0.962899,-0.002,3.95,6.599999,3.95,6.599999,2,Wagonwheel loam 2 to 5 percent slope
66,West,9,Summit,106,0,0.71,0.07,0.71,0.7028,0.59,0.06,0.505630252,0.3514,0.65,0.065,0.607815126,0,7.665824,12.52972,6.731848,0.3514,0.052199634,513521.727,4494941.418,1584.582153,1584.636,0.053847,Deposited,0.469999,71.800003,0.312299,0.9987,0.0024,5.539999,10.909999,7.01,12.38,1,Wagonwheel loam 0 to 2 percent slope
67,West,9,Summit,108,2.726,0.95,0.07,0.6227491,11.718,2.02,0.07,0.613277311,7.222,1.485,0.07,0.618013205,6.48132,13.024967,5.497856,8.334714333,0.74068,0.088866873,513501.472,4494842.521,1585.004516,1585.078,0.073484,Deposited,0.699999,299.75,0.496199,0.996999,-0.002799,1.61,6.57,1.61,6.57,1,Wagonwheel loam 0 to 2 percent slope
68,East,8,Summit,110,8.2336,1.63,0.08,0.641572629,11.2684,1.82,0.06,0.4672509,9.751,1.725,0.07,0.554411765,8.43395,8.61506,5.949516,7.666175333,1.31705,0.171800141,513408.872,4494770.281,1583.899658,1583.815,-0.084658,Eroded,1.289999,216.309997,-0.8058,1.0089,0.003199,4.579999,8.939999,4.579999,8.939999,2,Wagonwheel loam 2 to 5 percent slope
69,East,8,Summit,111,6.9972,1.46,0.08,0.62,11.2684,1.85,0.07,0.4972509,9.1328,1.655,0.075,0.55862545,8.5409,7.4563,7.2664,7.754533333,0.5919,0.076329545,513430.97,4494869.049,1585.311767,1585.25,-0.061767,Eroded,1.549999,249.479995,-0.350499,1.004699,-0.003199,1.61,5.78,1.61,5.78,1,Wagonwheel loam 0 to 2 percent slope
70,East,8,Summit,112,6.8848,1.55,0.08,0.723493397,9.5824,1.52,0.04,0.369651861,8.2336,1.535,0.06,0.546572629,10.6799,9.404108,7.467349,9.183785667,-2.4463,-0.266371635,513451.454,4494964.999,1585.014038,1585.027,0.012962,Unchanged,1.529999,79.879997,0.175699,0.997799,0.001599,2.72,6.9,2.72,6.9,1,Wagonwheel loam 0 to 2 percent slope
71,East,8,SideNorthface,113,2.2764,0.99,0.08,0.716722689,12.3924,1.86,0.05,0.372316927,7.3344,1.425,0.065,0.544519808,4.169815,8.9536,5.407524,6.176979667,3.164585,0.512319154,513473.32,4495070.185,1582.546752,1582.567,0.020248,Unchanged,3.24,16.52,0.9587,0.972899,-0.000399,6.86,10.289999,7.599999,11.039999,2,Wagonwheel loam 2 to 5 percent slope
72,East,8,SideNorthface,114,4.8616,1.15,0.07,0.56637455,10.8188,1.75,0.06,0.45122449,7.8402,1.45,0.065,0.50879952,8.094925,9.3814,9.12293,8.866418333,-0.254725,-0.028729188,513489.318,4495143.672,1578.414916,1578.293,-0.121916,Eroded,8.479999,36.849998,0.800199,0.9408,-0.000799,5.289999,7.76,5.55,8.02,3,Colby loam 5 to 9 percent slope
73,East,8,Toe,115,4.1872,1.32,0.09,0.817334934,11.8304,1.96,0.07,0.539783914,8.0088,1.64,0.08,0.678559424,10.2629,11.17894,7.03756,9.493133333,-2.2541,-0.237445311,513511.814,4495249.498,1572.45227,1572.612,0.15973,Deposited,4.039999,34.139999,0.8277,0.971,0.002,5.55,8.76,5.55,8.76,2,Wagonwheel loam 2 to 5 percent slope
74,East,8,SideSouthface,116,4.412,1.27,0.09,0.740348139,11.4932,1.93,0.06,0.550264106,7.9526,1.6,0.075,0.645306122,2.02035,11.069876,8.527388,7.205871333,5.93225,0.823252279,513531.459,4495336.171,1572.86853,1572.809,-0.05953,Eroded,2.039999,162.580001,-0.9541,1.016499,-0.000399,4.09,7.98,4.09,7.98,4,Kim sandy loam 2 to 5 percent slope
76,East,8,SideSouthface,118,3.288,1.02,0.07,0.625282113,11.4932,2.09,0.07,0.710264106,7.3906,1.555,0.07,0.667773109,14.36044,10.92784,11.61436,12.30088,-6.96984,-0.56661312,513562.514,4495494.997,1576.340209,1576.345,0.004791,Unchanged,2.98,122.199996,-0.532899,1.0137,0.005599,4.32,7.829999,4.32,7.829999,4,Kim sandy loam 2 to 5 percent slope
77,East,8,SideSouthface,119,0.3656,0.54,0.06,0.496110444,0.9276,0.74,0.08,0.628643457,0.6466,0.64,0.07,0.562376951,0.88712,9.7369,14.9969,8.540306667,-0.24052,-0.028162923,513531.3,4495506.214,1577.74353,1577.759,0.01547,Unchanged,2.89,120.169998,-0.5026,1.012599,0.000399,3.279999,6.829999,3.279999,6.829999,4,Kim sandy loam 2 to 5 percent slope
78,East,8,SideSouthface,120,1.7144,0.84,0.08,0.634189676,7.8964,1.48,0.06,0.532052821,4.8054,1.16,0.07,0.583121248,5.23508,8.3119,3.8338,5.793593333,-0.42968,-0.074164681,513511.5,4495408.802,1574.234497,1574.312,0.077503,Deposited,2.609999,112.800003,-0.387499,1.0088,-0.000399,4.849999,8.5,4.849999,8.5,4,Kim sandy loam 2 to 5 percent slope
79,East,8,Toe,121,4.0748,1.39,0.1,0.900828331,3.85,0.91,0.06,0.447815126,3.9624,1.15,0.08,0.674321729,5.3495,10.699,8.18176,8.076753333,-1.3871,-0.1717398,513490.258,4495311.119,1572.311523,1572.275,-0.036523,Unchanged,1.299999,136.440002,-0.724699,1.0081,0.006,10.539999,14.88,10.939999,15.279999,2,Wagonwheel loam 2 to 5 percent slope
80,East,8,SideNorthface,122,3.6252,1.05,0.06,0.614801921,3.5128,0.92,0.06,0.498295318,3.569,0.985,0.06,0.556548619,5.46392,9.09712,12.07204,8.877693333,-1.89492,-0.213447337,513468.147,4495205.384,1575.170288,1575.224,0.053712,Deposited,4.38,22.819999,0.9217,0.964699,0.000399,5.079999,8.21,5.079999,8.21,3,Colby loam 5 to 9 percent slope
81,East,8,SideNorthface,123,1.4896,0.7,0.05,0.521176471,11.8304,2.12,0.08,0.699783914,6.66,1.41,0.065,0.610480192,1.57364,9.5548,10.01248,7.046973333,5.08636,0.721779374,513447.322,4495107.428,1582.034912,1582.011,-0.023912,Unchanged,5.15,30.729999,0.8596,0.961399,-0.001599,4.17,7.139999,4.17,7.139999,2,Wagonwheel loam 2 to 5 percent slope
82,East,8,Summit,124,6.2104,1.41,0.08,0.664453782,10.4816,1.66,0.05,0.401704682,8.346,1.535,0.065,0.533079232,6.29495,8.098,5.5312,6.641383333,2.05105,0.308828733,513428.023,4495012.753,1584.771728,1584.777,0.005272,Unchanged,2.38,39.240001,0.7745,0.984099,-0.0024,2.309999,6.039999,2.309999,6.039999,1,Wagonwheel loam 0 to 2 percent slope
83,East,8,Summit,125,8.0088,1.49,0.07,0.528559424,7.8964,1.42,0.06,0.472052821,7.9526,1.455,0.065,0.500306122,9.58304,9.3814,8.86828,9.277573333,-1.63044,-0.17573992,513407.516,4494915.472,1585.345703,1585.322,-0.023703,Unchanged,1.039999,116.260002,-0.4424,1.003999,-0.002,1.61,6.179999,1.61,6.179999,1,Wagonwheel loam 0 to 2 percent slope
84,East,8,Summit,126,5.9856,1.4,0.08,0.681440576,11.718,1.8,0.05,0.393277311,8.8518,1.6,0.065,0.537358944,8.86175,8.098,12.07204,9.677263333,-0.00995,-0.001028183,513386.671,4494818.705,1584.22937,1584.192,-0.03737,Unchanged,1.929999,226.789993,-0.6847,1.011299,-0.000799,3.069999,7.01,3.069999,7.01,1,Wagonwheel loam 0 to 2 percent slope
85,East,8,Summit,127,8.6832,1.81,0.09,0.76759904,10.7064,1.61,0.05,0.324717887,9.6948,1.71,0.07,0.546158463,8.64785,7.2664,9.78364,8.565963333,1.04695,0.122222097,513378.548,4494766.67,1583.474975,1583.414,-0.060975,Eroded,0.62,224.770004,-0.7099,1.0038,0.002799,6.739999,11.829999,6.739999,11.829999,2,Wagonwheel loam 2 to 5 percent slope
86,West,7,SideSouthface,128,8.6832,1.72,0.08,0.67759904,9.80274,1.6,0.05,0.42320048,9.24297,1.66,0.065,0.55039976,8.64785,13.21624,10.280828,10.71497267,0.59512,0.055540972,513294.632,4494774.968,1582.430908,1582.385,-0.045908,Unchanged,2.7,244.61,-0.428799,1.0101,-0.000799,4.34,7.949999,4.349999,7.96,2,Wagonwheel loam 2 to 5 percent slope
87,West,7,Summit,130,7.44465,1.65,0.08,0.756284514,7.89381,1.5,0.06,0.552363745,7.66923,1.575,0.07,0.65432413,8.264372,10.456172,8.4745,9.065014667,-0.595142,-0.065652624,513314.184,4494873.608,1583.484008,1583.583,0.098992,Deposited,2.49,246.919998,-0.391999,1.008499,-0.0012,3.69,7.38,3.69,7.38,1,Wagonwheel loam 0 to 2 percent slope
88,West,7,Summit,132,2.95305,1.01,0.08,0.655492197,6.32175,1.33,0.07,0.571086435,4.6374,1.17,0.075,0.613289316,8.09558,8.4106,11.38552,9.297233333,-3.45818,-0.371957966,513335.796,4494974.556,1584.630493,1584.591,-0.039493,Unchanged,3.91,267.630004,-0.0414,1.001899,-0.003599,3.539999,6.78,3.539999,6.78,1,Wagonwheel loam 0 to 2 percent slope
89,West,7,Summit,134,2.61618,0.97,0.07,0.655932773,8.67984,1.52,0.06,0.478002401,5.64801,1.245,0.065,0.566967587,6.949292,9.754796,10.01248,8.905522667,-1.301282,-0.146120789,513357.153,4495072.906,1584.184204,1584.211,0.026796,Unchanged,2.5,1.809999,0.999499,0.978299,0.000799,3.22,6.909999,3.22,6.909999,2,Wagonwheel loam 2 to 5 percent slope
90,West,7,SideNorthface,136,8.56755,1.5,0.06,0.471482593,8.0061,1.21,0.04,0.248883553,8.286825,1.355,0.05,0.360183073,9.93014,4.845164,11.68358,8.819628,-1.643315,-0.186324752,513379.858,4495165.354,1580.004028,1580.12,0.115972,Deposited,6.969999,20.219999,0.938399,0.9422,-0.001599,4.199999,6.869999,4.199999,6.869999,3,Colby loam 5 to 9 percent slope
91,West,7,Toe,138,3.62679,1.05,0.06,0.614611044,9.35358,1.35,0.03,0.227121248,6.490185,1.2,0.045,0.420866146,10.95608,11.8432,8.18176,10.32701333,-4.465895,-0.432447878,513395.602,4495241.824,1575.449951,1575.553,0.103049,Deposited,4.13,41.060001,0.754,0.9731,0.0172,8.77,11.949999,8.859999,12.05,3,Colby loam 5 to 9 percent slope
92,West,7,Toe,140,2.61618,0.9,0.08,0.585932773,2.84076,0.78,0.06,0.438972389,2.72847,0.84,0.07,0.512452581,3.7931,9.842468,11.858924,8.498164,-1.06463,-0.125277648,513420.024,4495350.521,1573.624267,1573.647,0.022733,Unchanged,1.85,106.150001,-0.2782,1.0045,0.006399,7.039999,11.029999,7.34,11.329999,2,Wagonwheel loam 2 to 5 percent slope
93,West,7,SideSouthface,142,0.81954,0.76,0.09,0.661615846,7.78152,1.44,0.07,0.505843938,4.30053,1.1,0.08,0.583729892,4.8977,10.105484,3.880772,6.294652,-0.59717,-0.094869422,513442.041,4495449.173,1576.149414,1576.086,-0.063414,Eroded,3.15,186,-0.994499,1.026399,-0.000399,4.42,7.869999,4.42,7.869999,4,Kim sandy loam 2 to 5 percent slope
94,West,7,SideSouthface,144,0.25809,0.68,0.08,0.649016807,0,0.65,0.08,0.65,0.129045,0.665,0.08,0.649508403,0.28622,6.1222,10.47016,5.626193333,-0.157175,-0.027936296,513419.472,4495516.389,1579.453125,1579.403,-0.050125,Eroded,7.309999,197.190002,-0.955299,1.057399,0.000799,3.88,6.5,3.88,6.5,4,Kim sandy loam 2 to 5 percent slope
95,West,7,Toe,146,4.18824,1.24,0.09,0.737210084,9.57816,1.64,0.07,0.490160864,6.8832,1.44,0.08,0.613685474,12.472628,11.8432,6.2653,10.19370933,-5.589428,-0.548321305,513398.768,4495417.765,1575.092041,1575.116,0.023959,Unchanged,1.639999,195.270004,-0.964699,1.013399,-0.001599,3.619999,7.73,3.619999,7.73,4,Kim sandy loam 2 to 5 percent slope
96,West,7,SideNorthface,148,0.70725,0.8,0.09,0.715096038,2.95305,0.85,0.07,0.495492197,1.83015,0.825,0.08,0.605294118,4.2053,14.58928,10.699,9.831193333,-2.37515,-0.241593255,513380.795,4495334.541,1574.615234,1574.769,0.153766,Deposited,3.569999,74.120002,0.2736,0.991999,-0.000799,4.449999,7.789999,4.449999,7.789999,2,Wagonwheel loam 2 to 5 percent slope
97,West,7,Toe,150,2.50389,1.02,0.09,0.719412965,0.48267,0.58,0.07,0.522056423,1.49328,0.8,0.08,0.620734694,0.5845,1.951988,1.6013,1.379262667,0.90878,0.658888276,513360.698,4495237.373,1577.286987,1577.537,0.250013,Deposited,5.07,88.18,0.0318,0.999599,0.0012,5.46,8.439999,5.46,8.439999,3,Colby loam 5 to 9 percent slope
98,West,7,SideNorthface,152,6.65862,1.28,0.06,0.480645858,7.55694,1.21,0.05,0.302804322,7.10778,1.245,0.055,0.39172509,8.702732,9.32596,9.316436,9.115042667,-1.594952,-0.174980201,513343.08,4495164.496,1580.781005,1580.941,0.159995,Deposited,6.199999,16.299999,0.9598,0.947399,-0.001599,4.949999,7.73,4.949999,7.73,3,Colby loam 5 to 9 percent slope
99,West,7,Summit,154,2.72847,0.93,0.08,0.602452581,6.99549,1.22,0.06,0.380205282,4.86198,1.075,0.07,0.491328932,6.598604,12.07204,12.07204,10.24756133,-1.736624,-0.169467051,513321.143,4495058.328,1584.277221,1584.248,-0.029221,Unchanged,1.879999,316.720001,0.727999,0.9882,0.000399,2.759999,6.739999,2.759999,6.739999,1,Wagonwheel loam 0 to 2 percent slope
100,West,7,Summit,156,5.53572,1.47,0.1,0.805447779,13.50831,2.08,0.07,0.458354142,9.522015,1.775,0.085,0.63190096,12.2147,13.44508,10.80686,12.15554667,-2.692685,-0.221519038,513300.7,4494963.646,1583.696899,1583.665,-0.031899,Unchanged,1.61,254.039993,-0.275,1.0039,0.002,4.619999,8.75,4.619999,8.75,1,Wagonwheel loam 0 to 2 percent slope
101,West,7,SideSouthface,158,4.74969,1.25,0.08,0.679809124,4.86198,1.11,0.07,0.526328932,4.805835,1.18,0.075,0.603069028,10.47016,10.01248,14.36044,11.61436,-5.664325,-0.48770014,513278.157,4494866.409,1582.841918,1582.835,-0.006918,Unchanged,2.509999,252.169998,-0.306199,1.0068,-0.0024,4.289999,7.98,4.289999,7.98,1,Wagonwheel loam 0 to 2 percent slope
102,West,7,SideSouthface,160,7.55694,1.72,0.1,0.812804322,8.90442,1.4,0.05,0.331042017,8.23068,1.56,0.075,0.571923169,9.141092,11.15668,10.47016,10.25597733,-0.910412,-0.088768917,513260.618,4494773.668,1581.421386,1581.292,-0.129386,Eroded,4.3,244.199996,-0.4352,1.016399,-0.000399,5.019999,8.17,5.17,8.31,2,Wagonwheel loam 2 to 5 percent slope
105,East,6,Summit,163,2.3916,0.91,0.08,0.622893157,10.70106,1.8,0.07,0.515358944,6.54633,1.355,0.075,0.56912605,1.553075,9.777115,7.62765,6.31928,4.993255,0.790162012,513204.481,4494950.857,1583.187011,1583.111,-0.076011,Eroded,1.889999,161.470001,-0.948199,1.0152,-0.000799,2.519999,6.48,2.519999,6.48,1,Wagonwheel loam 0 to 2 percent slope
106,East,6,Summit,164,1.04412,0.73,0.08,0.604655462,8.79213,1.63,0.08,0.574522209,4.918125,1.18,0.08,0.589588836,6.686276,6.4757,10.524755,7.895577,-1.768151,-0.223941961,513220.342,4495022.457,1584.201904,1584.242,0.040096,Unchanged,1.5,130.949996,-0.655399,1.008399,-0.000399,2.299999,6.5,2.299999,6.5,1,Wagonwheel loam 0 to 2 percent slope
107,East,6,SideNorthface,165,0.48267,0.74,0.08,0.682056423,0.25809,0.66,0.08,0.629016807,0.37038,0.7,0.08,0.655536615,0,10.80512,10.80512,7.203413333,0.37038,0.051417291,513241.847,4495120.37,1582.995117,1583.078,0.082883,Deposited,1.07,31.709999,0.8507,0.9922,0.0012,5.469999,10,5.469999,10,2,Wagonwheel loam 2 to 5 percent slope
108,East,6,SideNorthface,166,5.64801,1.28,0.08,0.601967587,13.17144,1.85,0.05,0.268794718,9.409725,1.565,0.065,0.435381152,13.42186,6.973465,7.721105,9.372143333,-4.012135,-0.428091511,513257.956,4495195.135,1582.274536,1582.364,0.089464,Deposited,2.5,79.239997,0.1867,0.9962,0.006,7.86,11.55,7.86,11.55,3,Colby loam 5 to 9 percent slope
109,East,6,SideNorthface,167,9.80274,1.79,0.07,0.61320048,12.04854,1.78,0.05,0.333596639,10.92564,1.785,0.06,0.473398559,11.272395,10.543844,6.973465,9.596568,-0.346755,-0.03613323,513279.879,4495293.277,1581.618652,1581.585,-0.033652,Unchanged,5.73,65.319999,0.417499,0.9803,-0.004,3.72,6.579999,3.72,6.579999,2,Wagonwheel loam 2 to 5 percent slope
110,East,6,Toe,168,3.28992,1.14,0.09,0.745051621,0.70725,0.85,0.09,0.765096038,1.998585,0.995,0.09,0.75507383,1.7417,2.7937,1.075268,1.870222667,0.256885,0.137355302,513300.877,4495390.9,1576.462768,1576.6,0.137232,Deposited,3.72,60.959999,0.485399,0.984799,0.000799,4.94,8.229999,4.94,8.229999,2,Wagonwheel loam 2 to 5 percent slope
111,East,6,SideSouthface,169,0.25809,0.65,0.07,0.619016807,0.1458,0.63,0.08,0.612496999,0.201945,0.64,0.075,0.615756903,0.373892,4.66982,9.5953,4.879670667,-0.171947,-0.035237419,513323.869,4495488.802,1576.658813,1576.673,0.014187,Unchanged,2.069999,164.330001,-0.9628,1.016899,0,4.96,8.84,4.96,8.84,4,Kim sandy loam 2 to 5 percent slope
112,East,6,SideSouthface,170,0.48267,0.83,0.09,0.772056423,0.1458,0.76,0.09,0.742496999,0.314235,0.795,0.09,0.757276711,0.33816,1.16294,10.898575,4.133225,-0.023925,-0.005788458,513288.484,4495505.735,1577.234619,1577.186,-0.048619,Unchanged,2.41,149.289993,-0.859799,1.0176,0.001599,3.349999,7.079999,3.349999,7.079999,1,Wagonwheel loam 0 to 2 percent slope
113,East,6,Toe,171,2.27931,0.85,0.07,0.576373349,0.37038,0.66,0.08,0.615536615,1.324845,0.755,0.075,0.595954982,1.013341,5.959,11.8432,6.271847,0.311504,0.049667028,513273.228,4495420.79,1576.902465,1576.987,0.084535,Deposited,2.24,59.080001,0.5138,0.990199,0,5.449999,9.25,5.449999,9.25,1,Wagonwheel loam 0 to 2 percent slope
114,East,6,SideNorthface,172,7.10778,1.35,0.06,0.49672509,7.89381,1.27,0.04,0.322363745,7.500795,1.31,0.05,0.409544418,5.6341,10.24439,7.29998,7.726156667,1.866695,0.24160719,513252.325,4495329.937,1581.398315,1581.595,0.196685,Deposited,6.09,35.52,0.813899,0.9569,-0.002,4.05,6.849999,4.05,6.849999,2,Wagonwheel loam 2 to 5 percent slope
115,East,6,SideSouthface,173,1.83015,0.86,0.07,0.640294118,9.69045,1.4,0.06,0.236680672,5.7603,1.13,0.065,0.438487395,11.069876,9.1675,4.6756,8.304325333,-5.309576,-0.639374758,513229.633,4495229.743,1583.392211,1583.358,-0.034211,Unchanged,2.359999,133.300003,-0.6858,1.0138,0.000399,3.319999,7.059999,3.319999,7.059999,2,Wagonwheel loam 2 to 5 percent slope
116,East,6,SideNorthface,174,5.64801,1.06,0.09,0.381967587,12.38541,2.12,0.08,0.633156062,9.01671,1.59,0.085,0.507561825,9.7369,12.30088,9.579452,10.53907733,-0.72019,-0.068335204,513209.065,4495135.991,1583.238281,1583.287,0.048719,Unchanged,1.259999,65.489997,0.4149,0.995599,0.001599,4.73,9.109999,4.739999,9.109999,2,Wagonwheel loam 2 to 5 percent slope
117,East,6,Summit,175,0.37038,0.58,0.06,0.535536615,9.35358,1.86,0.08,0.737121248,4.86198,1.22,0.07,0.636328932,0.812252,10.104788,8.2741,6.397046667,4.049728,0.633062132,513188.015,4495038.085,1584.715209,1584.723,0.007791,Unchanged,1.21,116.5,-0.4462,1.004699,-0.0024,2.68,7.09,2.68,7.09,1,Wagonwheel loam 0 to 2 percent slope
118,East,6,SideSouthface,176,10.36419,1.85,0.08,0.60579952,11.15022,1.62,0.05,0.281438175,10.757205,1.735,0.065,0.443618848,11.833125,7.8433,8.2741,9.316841667,-1.07592,-0.115481194,513165.617,4494940.264,1582.645751,1582.475,-0.170751,Eroded,3.91,209.580001,-0.8697,1.028699,0.0024,5,8.239999,5,8.239999,2,Wagonwheel loam 2 to 5 percent slope
119,East,6,SideSouthface,177,9.129,1.78,0.08,0.684081633,14.29434,2.22,0.06,0.503992797,11.71167,2,0.07,0.594037215,13.2467,8.1589,7.9485,9.7847,-1.53503,-0.15688064,513144.423,4494843.441,1578.977416,1579.073,0.095584,Deposited,3.44,221.11,-0.7534,1.022099,0.000799,5.55,8.92,5.55,8.92,2,Wagonwheel loam 2 to 5 percent slope
120,East,6,SideSouthface,178,1.94244,1.19,0.11,0.956813926,6.65862,1.61,0.11,0.810645858,4.30053,1.4,0.11,0.883729892,3.267068,11.858924,11.38552,8.837170667,1.033462,0.116944895,513127.573,4494771.297,1577.261474,1577.159,-0.102474,Eroded,1.679999,211.529998,-0.8524,1.012199,0,5.82,9.909999,5.829999,9.92,1,Wagonwheel loam 0 to 2 percent slope
121,West,5,SideSouthface,180,2.27931,1.03,0.09,0.756373349,6.8832,1.49,0.08,0.663685474,4.581255,1.26,0.085,0.710029412,3.7931,11.38552,12.75856,9.312393333,0.788155,0.084635063,513050.402,4494820.662,1577.881835,1577.88,-0.001835,Unchanged,2.25,155.020004,-0.906499,1.0173,0.0024,3.369999,7.17,3.369999,7.17,1,Wagonwheel loam 0 to 2 percent slope
122,West,5,SideSouthface,182,7.33236,1.77,0.09,0.889764706,8.67984,1.65,0.07,0.608002401,8.0061,1.71,0.08,0.748883553,7.95292,11.833125,8.468745,9.418263333,0.05318,0.005646476,513072.58,4494919.544,1580.106445,1580.102,-0.004445,Unchanged,2.67,196.699996,-0.957799,1.0216,0.001599,5.599999,9.22,5.599999,9.22,2,Wagonwheel loam 2 to 5 percent slope
123,West,5,Summit,184,7.22007,1.67,0.09,0.803244898,12.04854,2.03,0.06,0.583596639,9.634305,1.85,0.075,0.693420768,9.201468,9.964025,11.15668,10.107391,0.432837,0.042823811,513094.091,4495017.586,1583.589477,1583.684,0.094523,Deposited,4.079999,214.380004,-0.825299,1.028499,-0.002,3.759999,6.949999,3.759999,6.949999,1,Wagonwheel loam 0 to 2 percent slope
124,West,5,Summit,186,4.97427,1.38,0.08,0.782848739,13.39602,2.25,0.07,0.641834334,9.185145,1.815,0.075,0.712341537,10.711665,3.87188,7.123832,7.235792333,-1.52652,-0.210967912,513115.794,4495115.42,1584.723022,1584.889,0.165978,Deposited,0.589999,312.200012,0.6717,0.996599,-0.001599,1.61,6.739999,1.61,7.289999,2,Wagonwheel loam 2 to 5 percent slope
125,West,5,Summit,188,9.35358,1.93,0.09,0.807121248,10.02732,1.7,0.06,0.496240096,9.69045,1.815,0.075,0.651680672,11.369436,11.590743,7.665824,10.20866767,-1.678986,-0.164466712,513138.275,4495214.562,1584.796264,1584.945,0.148736,Deposited,2.119999,127.79,-0.6128,1.011199,0.004,4.829999,8.68,4.829999,8.68,1,Wagonwheel loam 0 to 2 percent slope
126,West,5,SideNorthface,190,4.18824,1.11,0.06,0.607210084,12.38541,2.02,0.06,0.533156062,8.286825,1.565,0.06,0.570183073,5.588188,0,7.198432,4.262206667,2.698637,0.633154892,513163.753,4495322.085,1585.212524,1585.355,0.142476,Deposited,4.76,61.959999,0.470099,0.981299,-0.0012,3.63,6.679999,3.63,6.679999,2,Wagonwheel loam 2 to 5 percent slope
127,West,5,SideNorthface,192,2.61618,0.96,0.07,0.645932773,13.17144,2.4,0.08,0.818794718,7.89381,1.68,0.075,0.732363745,5.768852,16.610527,7.304496,9.894625,2.124958,0.214758821,513183.692,4495410.819,1579.999145,1580.208,0.208855,Deposited,6.199999,40.04,0.7656,0.958899,0.002799,4.409999,7.199999,4.409999,7.199999,2,Wagonwheel loam 2 to 5 percent slope
128,West,5,SideSouthface,194,0.70725,0.8,0.08,0.715096038,0.37038,0.69,0.08,0.645536615,0.538815,0.745,0.08,0.680316327,0.296229,3.609085,12.543752,5.483022,0.242586,0.04424312,513205.095,4495508.417,1578.07727,1578.27,0.19273,Deposited,1.23,127.510002,-0.6089,1.006399,0.0024,2.92,7.32,2.92,7.32,1,Wagonwheel loam 0 to 2 percent slope
129,West,5,SideNorthface,196,3.17763,1.22,0.09,0.838531813,1.04412,0.61,0.05,0.484655462,2.110875,0.915,0.07,0.661593637,0,12.576772,9.964025,7.513599,2.110875,0.280940599,513158.424,4495462.719,1579.011108,1579.092,0.080892,Deposited,2.619999,57.45,0.537999,0.987999,0.003199,5.309999,8.949999,5.309999,8.949999,2,Wagonwheel loam 2 to 5 percent slope
130,West,5,SideNorthface,198,7.44465,1.33,0.06,0.436284514,7.44465,1.06,0.03,0.166284514,7.44465,1.195,0.045,0.301284514,8.38848,5.497856,8.965748,7.617361333,-0.94383,-0.123905111,513135.533,4495365.499,1584.413696,1584.689,0.275304,Deposited,7.099999,40.099998,0.7649,0.952899,-0.002799,3.73,6.38,3.73,6.38,3,Colby loam 5 to 9 percent slope
131,West,5,Summit,200,10.70106,1.89,0.08,0.605358944,10.70106,1.52,0.04,0.235358944,10.70106,1.705,0.06,0.420358944,8.027152,9.74346,5.859184,7.876598667,2.673908,0.339474958,513113.631,4495267.782,1586.595581,1586.71,0.114419,Deposited,2.839999,163.210006,-0.9574,1.023,-0.000399,2.97,6.53,2.97,6.53,1,Wagonwheel loam 0 to 2 percent slope
132,West,5,Summit,202,8.90442,1.58,0.07,0.511042017,13.17144,1.99,0.05,0.408794718,11.03793,1.785,0.06,0.459918367,12.935328,9.653128,6.58184,9.723432,-1.897398,-0.195136655,513091.981,4495170.574,1585.097045,1585.133,0.035955,Unchanged,1.61,144.990005,-0.8191,1.011199,-0.004,2.329999,6.46,2.329999,6.46,2,Wagonwheel loam 2 to 5 percent slope
133,West,5,Summit,204,0.93183,0.73,0.08,0.618135654,2.3916,0.91,0.08,0.622893157,1.661715,0.82,0.08,0.620514406,0.15125,14.892384,10.99203,8.678554667,1.510465,0.174045686,513071.048,4495078.375,1584.601684,1584.608,0.006316,Unchanged,1.95,241.789993,-0.472699,1.008,-0.003199,2.44,6.38,2.44,6.38,1,Wagonwheel loam 0 to 2 percent slope
134,West,5,Summit,206,4.74969,1.24,0.08,0.669809124,7.78152,1.5,0.08,0.565843938,6.265605,1.37,0.08,0.617826531,5.478185,10.556448,7.62765,7.887427667,0.78742,0.099832294,513047.369,4494973.599,1581.425659,1581.529,0.103341,Deposited,3.19,161.699996,-0.9494,1.0255,-0.0024,2.519999,5.96,2.519999,5.96,2,Wagonwheel loam 2 to 5 percent slope
135,West,5,SideSouthface,208,8.23068,1.93,0.1,0.941923169,12.83457,2.06,0.07,0.519235294,10.532625,1.995,0.085,0.730579232,10.05748,12.206945,10.524755,10.92972667,0.475145,0.043472725,513026.157,4494878.44,1579.027832,1579.07,0.042168,Unchanged,2.42,176.160003,-0.997799,1.0204,0.002799,7.98,11.699999,7.989999,11.71,2,Wagonwheel loam 2 to 5 percent slope
136,West,5,SideSouthface,210,3.96366,1.26,0.1,0.784170468,12.16083,1.93,0.07,0.470116447,8.062245,1.595,0.085,0.627143457,5.046196,11.680382,6.852836,7.859804667,3.016049,0.383730783,513003.392,4494779.709,1577.380981,1577.326,-0.054981,Eroded,1.69,163.070007,-0.9567,1.0137,-0.000799,5.38,9.46,5.38,9.46,1,Wagonwheel loam 0 to 2 percent slope
138,East,4,SideSouthface,212,6.32175,1.36,0.07,0.601086435,10.47648,1.7,0.06,0.442319328,8.399115,1.53,0.065,0.521702881,6.29495,11.0926,9.1675,8.851683333,2.104165,0.237713542,512938.747,4494855.339,1579.834472,1579.792,-0.042472,Unchanged,3.23,142.11,-0.7892,1.0217,-0.0012,4.09,7.519999,4.09,7.519999,2,Wagonwheel loam 2 to 5 percent slope
139,East,4,Summit,213,8.0061,1.62,0.09,0.658883553,12.04854,1.85,0.06,0.403596639,10.02732,1.735,0.075,0.531240096,14.927444,5.959,5.1034,8.663281333,-4.900124,-0.565619863,512960.278,4494953.186,1581.586547,1581.672,0.085453,Deposited,2.73,133.470001,-0.688,1.0161,0.001599,4,7.599999,4,7.599999,2,Wagonwheel loam 2 to 5 percent slope
140,East,4,Summit,214,0.59496,0.64,0.08,0.56857623,8.0061,1.5,0.07,0.538883553,4.30053,1.07,0.075,0.553729892,2.9795,10.4509,9.216385,7.548928333,1.32103,0.1749957,512980.904,4495052.652,1582.851562,1582.77,-0.081562,Eroded,0.699999,217.429992,-0.794099,1.004799,0,3.45,8.409999,3.45,8.42,1,Wagonwheel loam 0 to 2 percent slope
141,East,4,Summit,215,10.58877,1.84,0.07,0.568839136,10.58877,1.65,0.05,0.378839136,10.58877,1.745,0.06,0.473839136,11.157548,8.094925,7.8841,9.045524333,-0.568778,-0.062879495,513001.033,4495145.786,1584.510131,1584.356,-0.154131,Eroded,2.95,221.460006,-0.7494,1.0188,-0.000399,3.63,7.15,3.63,7.15,2,Wagonwheel loam 2 to 5 percent slope
142,East,4,Summit,216,7.33236,1.52,0.08,0.639764706,15.8664,2.45,0.07,0.545270108,11.59938,1.985,0.075,0.592517407,8.7548,9.216385,8.3119,8.761028333,2.84458,0.32468563,513023.938,4495243.883,1586.849487,1586.809,-0.040487,Unchanged,3.44,217.850006,-0.7896,1.0231,-0.006,1.61,4.98,1.61,4.98,1,Wagonwheel loam 0 to 2 percent slope
143,East,4,Summit,217,4.86198,1.17,0.08,0.586328932,9.91503,1.7,0.07,0.509720288,7.388505,1.435,0.075,0.54802461,7.475324,13.349348,5.721884,8.848852,-0.086819,-0.009811329,513041.179,4495317.964,1587.860351,1587.89,0.029649,Unchanged,0.75,120.54,-0.508099,1.003299,0.000799,2.68,7.57,2.68,7.57,1,Wagonwheel loam 0 to 2 percent slope
144,East,4,Summit,218,8.90442,1.46,0.06,0.391042017,8.34297,1.22,0.04,0.218442977,8.623695,1.34,0.05,0.304742497,9.6104,6.88001,8.089028,8.193146,-0.986705,-0.12043054,513054.977,4495379.552,1586.958374,1587.06,0.101626,Deposited,3.72,25.459999,0.902899,0.970799,-0.000799,3.47,6.76,3.47,6.76,2,Wagonwheel loam 2 to 5 percent slope
145,East,4,SideNorthface,219,4.6374,1.07,0.07,0.513289316,11.71167,1.91,0.07,0.504037215,8.174535,1.49,0.07,0.508663265,4.07636,10.8787,8.5258,7.826953333,4.098175,0.52359773,513075.885,4495477.575,1580.905639,1580.961,0.055361,Deposited,4.929999,37.979999,0.7882,0.9663,0.0024,4.449999,7.46,4.449999,7.46,2,Wagonwheel loam 2 to 5 percent slope
146,East,4,SideNorthface,220,4.86198,1.37,0.1,0.786328932,5.53572,1.27,0.08,0.605447779,5.19885,1.32,0.09,0.695888355,3.08645,10.8787,9.316436,7.760528667,2.1124,0.272197951,513042.539,4495499.664,1581.116577,1581.184,0.067423,Deposited,4.619999,46,0.6947,0.9724,0.003199,4.769999,7.849999,4.769999,7.849999,2,Wagonwheel loam 2 to 5 percent slope
147,East,4,Summit,221,6.54633,1.22,0.06,0.43412605,13.17144,2.35,0.08,0.768794718,9.858885,1.785,0.07,0.601460384,11.142548,8.702732,7.826012,9.223764,-1.283663,-0.139169107,513021.758,4495404.514,1586.559692,1586.58,0.020308,Unchanged,3.69,327.670013,0.845,0.972999,-0.0068,1.97,5.269999,1.97,5.269999,2,Wagonwheel loam 2 to 5 percent slope
148,East,4,Summit,222,10.36419,1.81,0.08,0.56579952,11.82396,1.83,0.05,0.410557023,11.094075,1.82,0.065,0.488178271,12.3669,14.5761,11.501104,12.81470133,-1.272825,-0.099325374,513002.592,4495305.934,1587.746948,1587.667,-0.079948,Eroded,1.549999,206.429992,-0.8955,1.0118,-0.004399,1.61,5.769999,1.61,5.769999,1,Wagonwheel loam 0 to 2 percent slope
149,East,4,Summit,223,13.05915,2.11,0.08,0.54227491,12.04854,1.65,0.04,0.203596639,12.553845,1.88,0.06,0.372935774,8.86175,8.089028,8.439716,8.463498,3.692095,0.436237475,512979.386,4495209.727,1585.615844,1585.495,-0.120844,Eroded,3.869999,221.190002,-0.752499,1.024799,-0.0048,3.93,7.179999,3.93,7.179999,2,Wagonwheel loam 2 to 5 percent slope
150,East,4,SideSouthface,224,10.47648,1.8,0.08,0.542319328,14.40663,2.14,0.06,0.410512605,12.441555,1.97,0.07,0.476415966,12.8189,11.411465,8.089028,10.773131,-0.377345,-0.035026493,512957.852,4495116.68,1582.83789,1582.787,-0.05089,Eroded,2.67,249.690002,-0.347099,1.0081,-0.000399,4.699999,8.319999,4.699999,8.319999,2,Wagonwheel loam 2 to 5 percent slope
151,East,4,Summit,225,6.09717,1.27,0.08,0.538046819,13.05915,2.07,0.06,0.50227491,9.57816,1.67,0.07,0.520160864,10.6799,12.5603,9.754796,10.998332,-1.10174,-0.100173372,512934.249,4495007.897,1582.839477,1582.832,-0.007477,Unchanged,1.58,91.75,-0.0305,1.000499,-0.0012,2.68,6.82,2.68,6.82,2,Wagonwheel loam 2 to 5 percent slope
152,East,4,Summit,226,7.78152,1.67,0.09,0.735843938,11.71167,1.92,0.07,0.514037215,9.746595,1.795,0.08,0.624940576,8.43395,10.2629,9.3161,9.33765,1.312645,0.14057552,512913.784,4494912.749,1582.009643,1582.04,0.030357,Unchanged,3.849999,128.830001,-0.626999,1.020699,0.0024,3.559999,6.82,3.559999,6.82,2,Wagonwheel loam 2 to 5 percent slope
153,East,4,Summit,227,4.41282,1.15,0.08,0.6202497,2.72847,0.87,0.08,0.542452581,3.570645,1.01,0.08,0.58135114,2.653364,12.472628,7.6702,7.598730667,0.917281,0.12071503,512897.308,4494835.891,1580.105224,1580.073,-0.032224,Unchanged,3.279999,172.529998,-0.9915,1.0273,-0.003599,2.2,5.619999,2.2,5.619999,2,Wagonwheel loam 2 to 5 percent slope
155,West,3,SideSouthface,230,8.67984,1.7,0.08,0.658002401,12.4977,1.93,0.06,0.42967587,10.58877,1.815,0.07,0.543839136,10.917776,9.964025,8.439716,9.773839,-0.329006,-0.033661901,512806.244,4494820.201,1579.061645,1579.006,-0.055645,Eroded,2.059999,194.699996,-0.967299,1.016899,0.000799,4.44,8.319999,4.44,8.319999,1,Wagonwheel loam 0 to 2 percent slope
156,West,3,Summit,232,11.48709,1.89,0.07,0.510997599,10.58877,1.52,0.04,0.248839136,11.03793,1.705,0.055,0.379918367,11.75702,11.36585,11.15668,11.42651667,-0.71909,-0.06293169,512826.576,4494913.557,1582.258422,1582.183,-0.075422,Eroded,4.21,225.380004,-0.7024,1.0252,-0.0012,3.48,6.639999,3.48,6.639999,2,Wagonwheel loam 2 to 5 percent slope
157,West,3,Summit,234,11.26251,1.84,0.07,0.487957983,12.04854,1.71,0.04,0.263596639,11.655525,1.775,0.055,0.375777311,10.425436,12.07204,12.07204,11.523172,1.230089,0.106749166,512847.886,4495010.131,1583.121459,1583.142,0.020541,Unchanged,3.869999,323.950012,0.808499,0.972899,-0.000399,2.769999,6.019999,2.769999,6.019999,2,Wagonwheel loam 2 to 5 percent slope
158,West,3,SideNorthface,236,9.80274,1.85,0.08,0.67320048,13.84518,2.05,0.05,0.387913565,11.82396,1.95,0.065,0.530557023,12.363088,10.285452,7.846488,10.16500933,-0.539128,-0.05303763,512868.388,4495106.006,1580.841552,1580.872,0.030448,Unchanged,2.609999,294.910003,0.4212,0.9907,0.002,4.9,8.539999,4.9,8.539999,1,Wagonwheel loam 0 to 2 percent slope
159,West,3,SideSouthface,238,6.32175,1.5,0.09,0.741086435,11.93625,1.94,0.07,0.507076831,9.129,1.72,0.08,0.624081633,9.964025,11.8432,9.924124,10.57711633,-0.835025,-0.078946376,512891.192,4495208.849,1582.277099,1582.227,-0.050099,Eroded,4.09,233.470001,-0.5952,1.0209,-0.001599,4.01,7.21,4.01,7.21,2,Wagonwheel loam 2 to 5 percent slope
160,West,3,SideNorthface,240,0.03351,1.77,0.08,1.765977191,14.7435,2.23,0.06,0.460072029,7.388505,2,0.07,1.11302461,13.085744,14.1316,9.020804,12.07938267,-5.697239,-0.471649848,512912.339,4495307.237,1584.504638,1584.34,-0.164638,Eroded,4.88,270.279998,0.0049,1.000699,-0.000399,4.489999,7.51,4.489999,7.51,2,Wagonwheel loam 2 to 5 percent slope
161,West,3,Summit,242,10.36419,1.77,0.07,0.52579952,11.82396,1.71,0.04,0.290557023,11.094075,1.74,0.055,0.408178271,10.827444,9.797963,6.491508,9.038971667,0.266631,0.029497935,512934.28,4495402.15,1584.625366,1584.638,0.012634,Unchanged,3.92,282.73999,0.2205,0.993099,-0.0012,4.349999,7.59,4.349999,7.59,2,Wagonwheel loam 2 to 5 percent slope
162,West,3,Summit,244,8.67984,1.65,0.07,0.608002401,12.4977,1.92,0.06,0.41967587,10.58877,1.785,0.065,0.513839136,11.008108,9.2918,12.666411,10.988773,-0.419338,-0.038160584,512953.437,4495504.574,1583.231567,1583.302,0.070433,Deposited,3.5,10.02,0.9847,0.9699,-0.000799,3.029999,6.38,3.029999,6.38,2,Wagonwheel loam 2 to 5 percent slope
163,West,3,Summit,246,10.47648,1.85,0.08,0.592319328,12.72228,1.84,0.05,0.312715486,11.59938,1.845,0.065,0.452517407,11.87144,4.684868,7.06692,7.874409333,-0.27206,-0.034549893,512909.553,4495456.648,1583.247314,1583.307,0.059686,Deposited,4.11,292.720001,0.3862,0.9868,0.000399,3.94,7.139999,3.94,7.139999,2,Wagonwheel loam 2 to 5 percent slope
164,West,3,SideNorthface,248,7.22007,1.56,0.09,0.693244898,14.96808,2.28,0.06,0.483111645,11.094075,1.92,0.075,0.588178271,10.694353,13.537404,9.924124,11.38529367,0.399722,0.035108624,512887.055,4495356.645,1582.661132,1582.512,-0.149132,Eroded,5.099999,279.209991,0.160099,0.9939,0.0012,4.69,7.67,4.69,7.67,2,Wagonwheel loam 2 to 5 percent slope
165,West,3,SideNorthface,250,9.01671,1.72,0.08,0.637561825,13.05915,2.05,0.06,0.48227491,11.03793,1.885,0.07,0.559918367,8.38848,12.99866,12.30088,11.22934,2.64945,0.235939957,512871.197,4495283.048,1582.857666,1582.669,-0.188666,Eroded,6.869999,273.100006,0.054099,0.998499,-0.002,3.549999,6.23,3.549999,6.23,2,Wagonwheel loam 2 to 5 percent slope
166,West,3,SideSouthface,252,8.79213,1.73,0.09,0.674522209,12.94686,1.96,0.05,0.405755102,10.869495,1.845,0.07,0.540138655,12.32912,9.562796,11.38552,11.09247867,-1.459625,-0.131586911,512849.064,4495186.764,1580.143432,1580.15,0.006568,Unchanged,2.97,258.089996,-0.2064,1.005499,0.001599,5.11,8.63,5.11,8.63,1,Wagonwheel loam 0 to 2 percent slope
167,West,3,SideNorthface,254,10.81335,1.95,0.08,0.651878752,12.4977,1.88,0.05,0.37967587,11.655525,1.915,0.065,0.515777311,11.41376,10.456172,9.439407,10.43644633,0.241765,0.023165452,512828.295,4495088.188,1580.235473,1580.236,0.000527,Unchanged,3.559999,313.339996,0.686299,0.978999,0,4.579999,7.909999,4.579999,7.909999,1,Wagonwheel loam 0 to 2 percent slope
168,West,3,Summit,256,11.59938,1.84,0.06,0.447517407,12.04854,1.71,0.04,0.263596639,11.82396,1.775,0.05,0.355557023,12.7868,9.05342,5.136528,8.992249333,-0.96284,-0.107074433,512805.738,4494983.736,1582.338134,1582.186,-0.152134,Eroded,4.07,288.019989,0.3093,0.9897,0.000399,3.869999,7.07,3.869999,7.07,2,Wagonwheel loam 2 to 5 percent slope
169,West,3,Summit,258,9.91503,1.89,0.08,0.699720288,12.16083,1.83,0.05,0.370116447,11.03793,1.86,0.065,0.534918367,13.47332,10.24439,6.220512,9.979407333,-2.43539,-0.244041547,512786.058,4494891.658,1580.641235,1580.599,-0.042235,Unchanged,3.099999,222.029998,-0.742799,1.0196,-0.002,3.74,7.219999,3.74,7.219999,2,Wagonwheel loam 2 to 5 percent slope
170,West,3,SideSouthface,260,2.3916,1.09,0.09,0.802893157,6.32175,1.1,0.07,0.341086435,4.356675,1.095,0.08,0.571989796,3.075038,10.80512,6.762504,6.880887333,1.281637,0.186260425,512764.227,4494786.371,1578.241577,1578.226,-0.015577,Unchanged,1.429999,169.850006,-0.9843,1.011999,0.002,6.409999,10.659999,6.409999,10.659999,1,Wagonwheel loam 0 to 2 percent slope
172,East,2,SideSouthface,263,1.94244,1.01,0.1,0.776813926,8.90442,1.56,0.06,0.491042017,5.42343,1.285,0.08,0.633927971,4.66982,9.3814,4.4617,6.170973333,0.75361,0.12212174,512694.724,4494841.86,1578.709472,1578.697,-0.012472,Unchanged,1.72,217.669998,-0.791499,1.0116,-0.002,4.099999,8.159999,4.099999,8.159999,1,Wagonwheel loam 0 to 2 percent slope
173,East,2,SideNorthface,264,6.54633,1.48,0.08,0.69412605,12.04854,1.97,0.06,0.523596639,9.297435,1.725,0.07,0.608861345,8.86175,12.9874,8.61506,10.15473667,0.435685,0.042904608,512716.398,4494939.441,1579.767089,1579.711,-0.056089,Eroded,1.74,270.429992,0.007499,1,-0.0024,3.72,7.769999,3.72,7.769999,1,Wagonwheel loam 0 to 2 percent slope
174,East,2,SideNorthface,265,8.34297,1.75,0.08,0.748442977,13.05915,2.06,0.05,0.49227491,10.70106,1.905,0.065,0.620358944,12.954585,5.959,8.5797,9.164428333,-2.253525,-0.245899135,512731.082,4495012.576,1579.507446,1579.343,-0.164446,Eroded,3.4,304.049987,0.559899,0.983799,-0.000799,3.869999,7.25,3.869999,7.25,2,Wagonwheel loam 2 to 5 percent slope
175,East,2,SideNorthface,266,6.09717,1.51,0.09,0.778046819,11.26251,2.11,0.07,0.757957983,8.67984,1.81,0.08,0.768002401,3.35474,15.04696,8.7397,9.047133333,5.3251,0.588595282,512752.084,4495109.783,1578.098022,1578.028,-0.070022,Eroded,2.4,299.890014,0.498299,0.989799,-0.000399,4.92,8.64,4.92,8.64,1,Wagonwheel loam 0 to 2 percent slope
176,East,2,Toe,267,7.79948,1.78,0.1,0.843687875,12.20508,2.06,0.07,0.594804322,10.00228,1.92,0.085,0.719246098,6.6158,10.0231,11.142548,9.260482667,3.38648,0.365691522,512774.384,4495212.48,1577.951782,1577.93,-0.021782,Unchanged,2.66,264.940002,-0.0882,1.0023,0.000799,5.469999,9.1,5.469999,9.1,1,Wagonwheel loam 0 to 2 percent slope
177,East,2,SideNorthface,268,10.44284,1.77,0.07,0.516357743,11.32396,1.62,0.04,0.260581032,10.8834,1.695,0.055,0.388469388,7.57835,7.8841,9.3814,8.281283333,3.30505,0.399098771,512794.166,4495305.328,1579.17102,1579.157,-0.01402,Unchanged,3.68,294.390014,0.4129,0.987299,-0.005599,2.2,5.5,2.2,5.5,2,Wagonwheel loam 2 to 5 percent slope
178,East,2,Toe,269,7.13864,1.47,0.08,0.613020408,15.8397,2.37,0.05,0.46847539,11.48917,1.92,0.065,0.540747899,9.28955,11.0926,8.5258,9.635983333,2.19962,0.228271462,512808.579,4495372.421,1577.760009,1577.692,-0.068009,Eroded,6.019999,283.73001,0.237299,0.989,-0.001599,5.349999,8.159999,5.349999,8.159999,2,Wagonwheel loam 2 to 5 percent slope
179,East,2,Summit,270,9.12116,1.62,0.06,0.525022809,8.46032,1.04,0.03,0.024355342,8.79074,1.33,0.045,0.274689076,8.1131,7.8433,5.1081,7.0215,0.67764,0.096509293,512827.545,4495461.382,1580.489746,1580.408,-0.081746,Eroded,3.96,278.029998,0.139699,0.9958,-0.003599,2.289999,5.519999,2.289999,5.519999,2,Wagonwheel loam 2 to 5 percent slope
180,East,2,SideNorthface,271,9.12116,1.64,0.07,0.545022809,9.782,1.51,0.05,0.335690276,9.45158,1.575,0.06,0.440356543,7.6329,8.965748,10.6648,9.087816,1.81868,0.20012289,512786.358,4495497.288,1577.460693,1577.224,-0.236693,Eroded,6.28,302.140014,0.532,0.972,-0.003199,3.559999,6.329999,3.559999,6.329999,2,Wagonwheel loam 2 to 5 percent slope
181,East,2,SideSouthface,272,10.3327,1.63,0.05,0.389579832,9.56172,1.33,0.03,0.182134454,9.94721,1.48,0.04,0.285857143,8.3693,5.5312,6.3868,6.762433333,1.57791,0.233334648,512778.308,4495454.389,1577.884033,1577.774,-0.110033,Eroded,6.42,265,-0.0872,1.006299,-0.0048,2.73,5.469999,2.73,5.469999,2,Wagonwheel loam 2 to 5 percent slope
182,East,2,Toe,273,2.51276,0.88,0.07,0.578348139,3.83444,0.82,0.05,0.359683073,3.1736,0.85,0.06,0.469015606,0.4127,1.0393,2.7505,1.400833333,2.7609,1.970898275,512765.28,4495382.882,1575.697875,1575.493,-0.204875,Eroded,3.64,273.640014,0.0635,0.998499,0.003199,7.75,11.06,7.75,11.06,3,Colby loam 5 to 9 percent slope
183,East,2,SideSouthface,274,9.01102,1.68,0.07,0.598244898,13.19634,2.17,0.07,0.585805522,11.10368,1.925,0.07,0.59202521,11.508236,8.7397,6.86162,9.036518667,-0.404556,-0.044769011,512753.473,4495316.077,1577.95166,1577.904,-0.04766,Unchanged,2.109999,253.119995,-0.290399,1.005399,-0.001599,2.24,6.099999,2.24,6.099999,2,Wagonwheel loam 2 to 5 percent slope
184,East,2,Toe,275,1.19108,0.84,0.08,0.697013205,3.50402,0.95,0.07,0.52934934,2.34755,0.895,0.075,0.613181273,1.58915,10.6648,9.316436,7.190128667,0.7584,0.105477946,512731.003,4495199.923,1576.878051,1576.853,-0.025051,Unchanged,2.569999,281.380004,0.1973,0.995899,-0.002,6.11,9.77,6.11,9.77,1,Wagonwheel loam 0 to 2 percent slope
185,East,2,Toe,276,10.11242,1.65,0.05,0.43602401,9.45158,1.37,0.03,0.235356543,9.782,1.51,0.04,0.335690276,12.823316,11.8409,8.5258,11.06333867,-3.041316,-0.27490038,512721.284,4495152.292,1576.680541,1576.508,-0.172541,Eroded,4.01,297.040008,0.4546,0.9847,0.004,7.469999,10.68,7.469999,10.68,2,Wagonwheel loam 2 to 5 percent slope
186,East,2,SideNorthface,277,3.7243,1.07,0.07,0.622905162,12.64564,2.17,0.07,0.651915966,8.18497,1.62,0.07,0.637410564,11.21465,10.8787,9.9473,10.68021667,-3.02968,-0.283672148,512697.882,4495037.589,1578.15625,1578.108,-0.04825,Unchanged,2.16,312.329986,0.673399,0.9875,0.0024,4.699999,8.529999,4.699999,8.529999,1,Wagonwheel loam 0 to 2 percent slope
187,East,2,SideSouthface,278,3.39388,1.04,0.07,0.632571429,10.66312,1.87,0.06,0.589913565,7.0285,1.455,0.065,0.611242497,5.020508,10.719188,8.6849,8.141532,2.007992,0.246635645,512674.186,4494919.801,1579.058349,1579.039,-0.019349,Unchanged,0.72,248.279998,-0.370099,1.0023,0.000399,3.15,8.09,3.15,8.09,1,Wagonwheel loam 0 to 2 percent slope
189,East,2,SideSouthface,280,1.74178,0.8,0.07,0.590902761,0.75052,0.54,0.05,0.449901561,1.24615,0.67,0.06,0.520402161,0.4127,7.4563,8.5797,5.4829,0.83345,0.152008973,512642.196,4494766.376,1575.768066,1575.717,-0.051066,Eroded,3.349999,203.869995,-0.914499,1.025799,-0.003199,3.339999,6.739999,3.339999,6.739999,2,Wagonwheel loam 2 to 5 percent slope
190,West,1,SideSouthface,282,1.19108,0.65,0.06,0.507013205,0.30996,0.52,0.04,0.482789916,0.75052,0.585,0.05,0.494901561,0.744424,3.329888,7.756156,3.943489333,0.006096,0.001545839,512633.871,4494810.622,1577.208862,1577.085,-0.123862,Eroded,5.55,224,-0.719299,1.0339,-0.004,2.2,5.099999,2.2,5.099999,1,Wagonwheel loam 0 to 2 percent slope
191,West,1,SideSouthface,284,0.53024,0.73,0.07,0.666345738,1.08094,0.87,0.08,0.740235294,0.80559,0.8,0.075,0.703290516,0.15125,7.394828,10.337845,5.961307667,0.65434,0.109764507,512634.214,4494910.062,1578.703735,1578.643,-0.060735,Eroded,2.14,265.959991,-0.0705,1.0015,-0.003599,2.17,6.01,2.17,6.01,1,Wagonwheel loam 0 to 2 percent slope
192,West,1,SideNorthface,286,2.73304,0.98,0.08,0.651903962,11.10368,1.86,0.06,0.52702521,6.91836,1.42,0.07,0.589464586,6.401176,10.96327,7.48516,8.283202,0.517184,0.06243769,512634.643,4495008.162,1577.618408,1577.674,0.055592,Deposited,3.71,302.519989,0.537599,0.983099,-0.002799,3.89,7.179999,3.89,7.179999,1,Wagonwheel loam 0 to 2 percent slope
193,West,1,SideNorthface,288,2.40262,0.95,0.08,0.661570228,7.79948,1.44,0.06,0.503687875,5.10105,1.195,0.07,0.582629052,6.660598,11.9482,11.157548,9.922115333,-1.559548,-0.157178983,512637.475,4495098.286,1575.991088,1575.899,-0.092088,Eroded,4.09,336.850006,0.919499,0.967199,0,4.059999,7.26,4.059999,7.26,2,Wagonwheel loam 2 to 5 percent slope
194,West,1,Toe,290,7.35892,1.53,0.07,0.64657623,11.87466,1.69,0.03,0.264470588,9.61679,1.61,0.05,0.455523409,10.917776,10.335797,7.846488,9.700020333,-1.300986,-0.134121987,512636.848,4495165.792,1571.764648,1571.672,-0.092648,Eroded,5.4,324.709991,0.8162,0.9617,0.012799,7.969999,10.89,7.969999,10.89,3,Colby loam 5 to 9 percent slope
195,West,1,Toe,292,8.57046,1.74,0.08,0.711133253,11.32396,1.69,0.04,0.330581032,9.94721,1.715,0.06,0.520857143,6.660598,8.930472,7.304496,7.631855333,3.286612,0.430643907,512636.707,4495262.672,1572.648681,1572.485,-0.163681,Eroded,5.579999,292.510009,0.3828,0.9825,0.004,8.39,11.279999,8.39,11.279999,2,Wagonwheel loam 2 to 5 percent slope
196,West,1,SideNorthface,294,7.35892,1.48,0.06,0.59657623,10.11242,1.56,0.04,0.34602401,8.73567,1.52,0.05,0.47130012,8.930472,10.6837,6.943168,8.852446667,-0.194802,-0.022005442,512635.553,4495356.652,1572.838256,1572.54,-0.298256,Eroded,7.84,276.429992,0.112,0.9947,-0.003199,3.23,5.78,3.23,5.78,3,Colby loam 5 to 9 percent slope
197,West,1,Toe,296,4.16486,1.32,0.09,0.820016807,3.7243,1.02,0.06,0.572905162,3.94458,1.17,0.075,0.696460984,0.800592,11.5501,11.38552,7.912070667,3.143988,0.397366016,512635.838,4495446.019,1568.078002,1568.139,0.060998,Deposited,3.16,304.130004,0.5611,0.984899,0.005599,7.369999,10.819999,7.369999,10.819999,2,Wagonwheel loam 2 to 5 percent slope
198,West,1,SideSouthface,298,1.08094,0.63,0.06,0.500235294,5.3764,1.06,0.05,0.41457383,3.22867,0.845,0.055,0.457404562,0.7727,4.142876,3.87188,2.929152,2.45597,0.838457683,512635.884,4495505.7,1571.201293,1570.984,-0.217293,Eroded,11.029999,171.419998,-0.988799,1.0871,-0.0024,3.15,5.36,3.15,5.36,3,Colby loam 5 to 9 percent slope
199,West,1,SideNorthface,300,5.59668,1.23,0.06,0.558129652,5.9271,1.01,0.04,0.298463385,5.76189,1.12,0.05,0.428296519,5.3495,4.406804,27.862,12.53943467,0.41239,0.032887448,512684.888,4495463.254,1571.108154,1571.11,0.001846,Unchanged,9.949999,280.529998,0.182799,0.9879,-0.0052,3.66,5.969999,3.66,5.969999,3,Colby loam 5 to 9 percent slope
200,West,1,SideNorthface,302,9.2313,1.58,0.06,0.47180072,10.11242,1.45,0.03,0.23602401,9.67186,1.515,0.045,0.353912365,10.156519,10.92784,10.699,10.594453,-0.484659,-0.045746486,512685.313,4495383.468,1574.635742,1574.439,-0.196742,Eroded,6.98,336.98999,0.9204,0.9433,-0.001599,3.41,6.07,3.41,6.07,3,Colby loam 5 to 9 percent slope
201,West,1,SideSouthface,304,10.8834,1.94,0.073,0.633469388,11.54424,1.69,0.03,0.304136855,11.21382,1.815,0.0515,0.468803121,12.8929,11.332892,10.699,11.64159733,-1.67908,-0.144231067,512684.131,4495296.394,1575.242309,1575.238,-0.004309,Unchanged,4.929999,264.950012,-0.087999,1.0046,0.004399,4.46,7.469999,4.46,7.469999,2,Wagonwheel loam 2 to 5 percent slope
202,West,1,SideNorthface,306,8.46032,1.5,0.05,0.484355342,10.8834,1.45,0.02,0.143469388,9.67186,1.475,0.035,0.313912365,11.18492,10.01248,7.650668,9.616022667,-1.51306,-0.157347799,512685.193,4495240.45,1575.372802,1575.023,-0.349802,Eroded,4.23,281.369995,0.197099,0.993499,0.015599,8.02,11.189999,8.02,11.189999,2,Wagonwheel loam 2 to 5 percent slope
