days since 1900-1-1;spei
1901-01-16;NA
1901-02-15;NA
1901-03-16;NA
1901-04-16;NA
1901-05-16;NA
1901-06-16;NA
1901-07-16;NA
1901-08-16;NA
1901-09-16;NA
1901-10-16;NA
1901-11-16;NA
1901-12-16;-0.16478
1902-01-16;-0.069695
1902-02-15;-0.29708
1902-03-16;-0.20406
1902-04-16;-0.78234
1902-05-16;-0.86975
1902-06-16;-1.1095
1902-07-16;-0.79639
1902-08-16;-0.83887
1902-09-16;-0.35073
1902-10-16;-0.21916
1902-11-16;-0.030135
1902-12-16;-0.13939
1903-01-16;-0.14793
1903-02-15;0.26066
1903-03-16;0.10936
1903-04-16;0.26478
1903-05-16;0.083351
1903-06-16;0.3401
1903-07-16;0.33561
1903-08-16;0.46629
1903-09-16;0.010171
1903-10-16;0.017597
1903-11-16;-0.054798
1903-12-16;-0.30534
1904-01-16;-0.36739
1904-02-15;-0.8418
1904-03-16;-1.0796
1904-04-16;-1.1866
1904-05-16;-0.34155
1904-06-16;-0.39146
1904-07-16;-0.2098
1904-08-16;-0.38124
1904-09-16;-0.42685
1904-10-16;-0.39893
1904-11-16;-0.59403
1904-12-16;-0.58506
1905-01-16;-0.36739
1905-02-15;-0.050557
1905-03-16;0.27893
1905-04-16;1.2364
1905-05-16;1.2075
1905-06-16;1.093
1905-07-16;1.3099
1905-08-16;1.3671
1905-09-16;1.2509
1905-10-16;1.5271
1905-11-16;1.6381
1905-12-16;1.6435
1906-01-16;1.3943
1906-02-15;1.1185
1906-03-16;1.4356
1906-04-16;1.0042
1906-05-16;0.51465
1906-06-16;0.50093
1906-07-16;0.2102
1906-08-16;0.23155
1906-09-16;0.54887
1906-10-16;0.55398
1906-11-16;0.92803
1906-12-16;0.90294
1907-01-16;1.066
1907-02-15;1.0218
1907-03-16;0.30818
1907-04-16;0.064305
1907-05-16;0.36768
1907-06-16;0.16391
1907-07-16;0.34939
1907-08-16;0.31562
1907-09-16;0.0026925
1907-10-16;-0.55561
1907-11-16;-0.85168
1907-12-16;-0.69591
1908-01-16;-0.80609
1908-02-15;-0.74114
1908-03-16;-0.76596
1908-04-16;-1.2
1908-05-16;-0.933
1908-06-16;-0.64592
1908-07-16;-0.60449
1908-08-16;-0.13596
1908-09-16;-0.31331
1908-10-16;0.27991
1908-11-16;0.45539
1908-12-16;0.50835
1909-01-16;0.45467
1909-02-15;0.71719
1909-03-16;1.499
1909-04-16;1.8467
1909-05-16;1.4591
1909-06-16;1.5971
1909-07-16;1.3399
1909-08-16;1.0063
1909-09-16;1.4184
1909-10-16;0.99104
1909-11-16;0.89576
1909-12-16;1.0015
1910-01-16;1.1021
1910-02-15;1.0014
1910-03-16;0.13066
1910-04-16;-0.35625
1910-05-16;-0.22195
1910-06-16;-0.97238
1910-07-16;-1.1822
1910-08-16;-1.2742
1910-09-16;-1.3614
1910-10-16;-1.3443
1910-11-16;-1.5454
1910-12-16;-1.6898
1911-01-16;-1.7884
1911-02-15;-1.6967
1911-03-16;-1.7174
1911-04-16;-1.4838
1911-05-16;-1.9252
1911-06-16;-1.7041
1911-07-16;-1.5664
1911-08-16;-1.5465
1911-09-16;-1.5718
1911-10-16;-1.3139
1911-11-16;-1.1259
1911-12-16;-1.0711
1912-01-16;-1.0987
1912-02-15;-0.95243
1912-03-16;-0.27735
1912-04-16;-0.23354
1912-05-16;0.27937
1912-06-16;0.62656
1912-07-16;1.0112
1912-08-16;1.2264
1912-09-16;1.7505
1912-10-16;1.7985
1912-11-16;1.8027
1912-12-16;1.822
1913-01-16;1.8645
1913-02-15;1.8681
1913-03-16;1.5955
1913-04-16;1.553
1913-05-16;1.519
1913-06-16;1.2865
1913-07-16;1.2314
1913-08-16;0.87923
1913-09-16;0.52788
1913-10-16;0.43233
1913-11-16;0.32157
1913-12-16;0.62065
1914-01-16;0.53539
1914-02-15;0.28896
1914-03-16;0.23215
1914-04-16;0.74016
1914-05-16;0.81479
1914-06-16;0.88841
1914-07-16;0.57057
1914-08-16;0.81193
1914-09-16;0.14491
1914-10-16;0.10517
1914-11-16;-0.03379
1914-12-16;-0.30892
1915-01-16;-0.29914
1915-02-15;-0.26444
1915-03-16;0.22756
1915-04-16;0.31496
1915-05-16;0.5998
1915-06-16;0.9088
1915-07-16;1.0442
1915-08-16;1.5396
1915-09-16;1.9216
1915-10-16;1.7683
1915-11-16;1.9007
1915-12-16;1.8862
1916-01-16;1.9871
1916-02-15;1.8278
1916-03-16;1.2825
1916-04-16;0.84635
1916-05-16;0.65977
1916-06-16;0.024716
1916-07-16;-0.31691
1916-08-16;-0.75826
1916-09-16;-1.1141
1916-10-16;-0.77415
1916-11-16;-0.60097
1916-12-16;-0.46853
1917-01-16;-0.57912
1917-02-15;-0.34494
1917-03-16;0.16488
1917-04-16;0.44395
1917-05-16;1.2834
1917-06-16;1.2824
1917-07-16;1.1139
1917-08-16;1.0254
1917-09-16;0.93771
1917-10-16;0.48336
1917-11-16;0.15533
1917-12-16;-0.1285
1918-01-16;-0.14885
1918-02-15;-0.20348
1918-03-16;-0.70788
1918-04-16;-0.28905
1918-05-16;-1.4349
1918-06-16;-1.398
1918-07-16;-0.73358
1918-08-16;-0.63713
1918-09-16;-0.050545
1918-10-16;0.056859
1918-11-16;0.39633
1918-12-16;0.66614
1919-01-16;0.41891
1919-02-15;0.45924
1919-03-16;0.88759
1919-04-16;0.38669
1919-05-16;-0.03912
1919-06-16;-0.13153
1919-07-16;-0.44371
1919-08-16;-0.87128
1919-09-16;-1.0207
1919-10-16;-0.73708
1919-11-16;-0.61742
1919-12-16;-0.72955
1920-01-16;-0.62238
1920-02-15;-0.63408
1920-03-16;-0.78258
1920-04-16;0.15097
1920-05-16;0.67625
1920-06-16;1.0548
1920-07-16;0.81123
1920-08-16;1.2886
1920-09-16;1.0411
1920-10-16;0.85546
1920-11-16;0.60301
1920-12-16;0.59779
1921-01-16;0.80513
1921-02-15;0.69549
1921-03-16;0.58605
1921-04-16;-0.013471
1921-05-16;-0.09105
1921-06-16;0.20424
1921-07-16;0.27546
1921-08-16;0.24877
1921-09-16;0.07659
1921-10-16;-0.27384
1921-11-16;-0.46256
1921-12-16;-0.3838
1922-01-16;-0.47929
1922-02-15;-0.3845
1922-03-16;-0.31251
1922-04-16;0.11203
1922-05-16;-0.00021905
1922-06-16;-0.76776
1922-07-16;-0.8124
1922-08-16;-1.0424
1922-09-16;-1.0908
1922-10-16;-0.98401
1922-11-16;-0.45459
1922-12-16;-0.5773
1923-01-16;-0.8112
1923-02-15;-0.7783
1923-03-16;-0.36971
1923-04-16;-0.76146
1923-05-16;-0.43572
1923-06-16;0.61627
1923-07-16;1.0192
1923-08-16;1.4152
1923-09-16;1.7174
1923-10-16;2.2263
1923-11-16;1.957
1923-12-16;2.0049
1924-01-16;2.0785
1924-02-15;2.0314
1924-03-16;2.1154
1924-04-16;1.9431
1924-05-16;2.065
1924-06-16;1.4031
1924-07-16;0.74954
1924-08-16;0.024633
1924-09-16;0.1926
1924-10-16;-0.32472
1924-11-16;-0.37896
1924-12-16;-0.27216
1925-01-16;-0.39005
1925-02-15;-0.55309
1925-03-16;-1.1457
1925-04-16;-1.4155
1925-05-16;-1.9047
1925-06-16;-1.4816
1925-07-16;-1.0818
1925-08-16;-0.58159
1925-09-16;-0.79626
1925-10-16;-0.3664
1925-11-16;-0.14599
1925-12-16;-0.068481
1926-01-16;0.22886
1926-02-15;0.34448
1926-03-16;0.66795
1926-04-16;0.95165
1926-05-16;1.1724
1926-06-16;1.1955
1926-07-16;1.2771
1926-08-16;1.0434
1926-09-16;0.98631
1926-10-16;0.40579
1926-11-16;0.23092
1926-12-16;0.11216
1927-01-16;-0.20029
1927-02-15;-0.11478
1927-03-16;0.18242
1927-04-16;0.5068
1927-05-16;0.32801
1927-06-16;0.54466
1927-07-16;0.55514
1927-08-16;1.1636
1927-09-16;1.1636
1927-10-16;1.0822
1927-11-16;1.0915
1927-12-16;1.0146
1928-01-16;0.99586
1928-02-15;0.99156
1928-03-16;0.74261
1928-04-16;0.44033
1928-05-16;0.84654
1928-06-16;1.0256
1928-07-16;0.9671
1928-08-16;0.20928
1928-09-16;-0.18444
1928-10-16;0.1561
1928-11-16;0.38195
1928-12-16;0.3486
1929-01-16;0.54156
1929-02-15;0.69114
1929-03-16;0.90158
1929-04-16;1.4843
1929-05-16;1.3905
1929-06-16;0.62469
1929-07-16;0.39064
1929-08-16;0.74802
1929-09-16;1.3698
1929-10-16;1.2395
1929-11-16;1.3355
1929-12-16;1.2042
1930-01-16;1.309
1930-02-15;1.0495
1930-03-16;0.79848
1930-04-16;0.0048195
1930-05-16;0.42343
1930-06-16;0.27382
1930-07-16;0.23395
1930-08-16;0.66975
1930-09-16;0.16081
1930-10-16;0.26551
1930-11-16;-0.060277
1930-12-16;0.029999
1931-01-16;-0.32011
1931-02-15;-0.18249
1931-03-16;-0.081237
1931-04-16;0.2517
1931-05-16;-0.20997
1931-06-16;-0.09793
1931-07-16;-0.44085
1931-08-16;-0.92433
1931-09-16;-0.95564
1931-10-16;-1.0772
1931-11-16;-1.0589
1931-12-16;-1.0819
1932-01-16;-0.9415
1932-02-15;-1.0365
1932-03-16;-0.92482
1932-04-16;-0.96333
1932-05-16;-1.16
1932-06-16;-0.92004
1932-07-16;-0.72454
1932-08-16;-0.83115
1932-09-16;-0.82311
1932-10-16;-0.82804
1932-11-16;-1.0265
1932-12-16;-0.80685
1933-01-16;-0.98524
1933-02-15;-0.93053
1933-03-16;-1.1676
1933-04-16;-0.58522
1933-05-16;0.037629
1933-06-16;-0.51113
1933-07-16;-0.64237
1933-08-16;-0.34965
1933-09-16;0.020456
1933-10-16;-0.36821
1933-11-16;-0.39414
1933-12-16;-0.67138
1934-01-16;-0.72795
1934-02-15;-0.67029
1934-03-16;-0.74315
1934-04-16;-1.4863
1934-05-16;-2.2166
1934-06-16;-1.9355
1934-07-16;-1.9458
1934-08-16;-2.1854
1934-09-16;-2.2403
1934-10-16;-2.2776
1934-11-16;-2.1765
1934-12-16;-2.134
1935-01-16;-2.2366
1935-02-15;-2.3255
1935-03-16;-2.3724
1935-04-16;-2.0341
1935-05-16;-0.4456
1935-06-16;-0.2478
1935-07-16;-0.21372
1935-08-16;-0.2314
1935-09-16;0.0054968
1935-10-16;0.37383
1935-11-16;0.49278
1935-12-16;0.51458
1936-01-16;0.71186
1936-02-15;0.93457
1936-03-16;1.097
1936-04-16;0.52727
1936-05-16;-1.0356
1936-06-16;-1.0049
1936-07-16;-0.94002
1936-08-16;-0.69906
1936-09-16;-0.70786
1936-10-16;-0.48162
1936-11-16;-0.66048
1936-12-16;-0.6177
1937-01-16;-0.4757
1937-02-15;-0.5837
1937-03-16;-0.50513
1937-04-16;-0.34749
1937-05-16;-0.32066
1937-06-16;-0.13251
1937-07-16;-0.038516
1937-08-16;-0.49927
1937-09-16;-0.66043
1937-10-16;-0.85944
1937-11-16;-0.71257
1937-12-16;-0.50703
1938-01-16;-0.62765
1938-02-15;-0.70285
1938-03-16;-0.77909
1938-04-16;-0.50496
1938-05-16;0.029667
1938-06-16;-0.16509
1938-07-16;-0.14997
1938-08-16;0.042719
1938-09-16;0.69422
1938-10-16;0.57992
1938-11-16;0.62747
1938-12-16;0.51636
1939-01-16;0.61515
1939-02-15;0.80318
1939-03-16;0.8052
1939-04-16;0.49787
1939-05-16;-0.37432
1939-06-16;-0.74564
1939-07-16;-1.2356
1939-08-16;-1.3803
1939-09-16;-1.8005
1939-10-16;-1.7874
1939-11-16;-1.9842
1939-12-16;-2.1373
1940-01-16;-2.1884
1940-02-15;-2.2155
1940-03-16;-2.3235
1940-04-16;-2.3614
1940-05-16;-2.2637
1940-06-16;-2.3143
1940-07-16;-1.9786
1940-08-16;-1.8951
1940-09-16;-1.3506
1940-10-16;-1.3783
1940-11-16;-1.0871
1940-12-16;-0.9551
1941-01-16;-1.1306
1941-02-15;-1.2302
1941-03-16;-1.0829
1941-04-16;-0.65738
1941-05-16;-0.52824
1941-06-16;0.46557
1941-07-16;0.63486
1941-08-16;1.1
1941-09-16;0.80936
1941-10-16;1.295
1941-11-16;1.1577
1941-12-16;1.2555
1942-01-16;1.3573
1942-02-15;1.6034
1942-03-16;1.4517
1942-04-16;1.5593
1942-05-16;1.8599
1942-06-16;1.8788
1942-07-16;1.6544
1942-08-16;1.504
1942-09-16;1.2381
1942-10-16;1.3273
1942-11-16;1.4715
1942-12-16;1.3479
1943-01-16;1.1302
1943-02-15;0.75605
1943-03-16;0.77655
1943-04-16;0.043234
1943-05-16;0.45494
1943-06-16;0.057343
1943-07-16;0.10614
1943-08-16;-0.013472
1943-09-16;-0.40066
1943-10-16;-1.0723
1943-11-16;-1.2534
1943-12-16;-1.2333
1944-01-16;-1.1361
1944-02-15;-0.9028
1944-03-16;-0.49694
1944-04-16;0.25918
1944-05-16;-0.51156
1944-06-16;-0.55508
1944-07-16;-0.026645
1944-08-16;-0.33426
1944-09-16;-0.2288
1944-10-16;-0.2146
1944-11-16;-0.0018065
1944-12-16;0.14228
1945-01-16;0.16302
1945-02-15;0.18743
1945-03-16;-0.28291
1945-04-16;-0.20337
1945-05-16;-0.15801
1945-06-16;0.42716
1945-07-16;0.082337
1945-08-16;0.85102
1945-09-16;1.1481
1945-10-16;1.1741
1945-11-16;0.98049
1945-12-16;0.866
1946-01-16;0.70929
1946-02-15;0.45025
1946-03-16;0.5234
1946-04-16;-0.48265
1946-05-16;0.041609
1946-06-16;-0.74656
1946-07-16;-0.93313
1946-08-16;-1.0035
1946-09-16;-1.0071
1946-10-16;-0.41606
1946-11-16;-0.046579
1946-12-16;-0.17383
1947-01-16;-0.13229
1947-02-15;0.079058
1947-03-16;0.17596
1947-04-16;0.74437
1947-05-16;0.54568
1947-06-16;1.3255
1947-07-16;1.4696
1947-08-16;1.0963
1947-09-16;0.85567
1947-10-16;0.72384
1947-11-16;0.68216
1947-12-16;0.8415
1948-01-16;0.95953
1948-02-15;0.95364
1948-03-16;1.0078
1948-04-16;0.73342
1948-05-16;0.27644
1948-06-16;-0.25959
1948-07-16;-0.43799
1948-08-16;-0.60444
1948-09-16;-0.66216
1948-10-16;-1.0496
1948-11-16;-1.2076
1948-12-16;-1.085
1949-01-16;-0.91155
1949-02-15;-1.0158
1949-03-16;-0.81481
1949-04-16;-0.70143
1949-05-16;-0.070072
1949-06-16;0.46078
1949-07-16;0.64059
1949-08-16;0.73815
1949-09-16;0.75117
1949-10-16;1.093
1949-11-16;0.72006
1949-12-16;0.50212
1950-01-16;0.15935
1950-02-15;0.0073386
1950-03-16;-0.38443
1950-04-16;-0.16642
1950-05-16;-0.34751
1950-06-16;-1.1646
1950-07-16;-1.0436
1950-08-16;-1.1311
1950-09-16;-0.47178
1950-10-16;-1.0087
1950-11-16;-0.64845
1950-12-16;-0.7035
1951-01-16;-0.53917
1951-02-15;-0.41405
1951-03-16;-0.33837
1951-04-16;-0.070426
1951-05-16;-0.37333
1951-06-16;0.13435
1951-07-16;-0.031592
1951-08-16;0.36928
1951-09-16;-0.033743
1951-10-16;0.77811
1951-11-16;0.74748
1951-12-16;1.0146
1952-01-16;0.7942
1952-02-15;0.8482
1952-03-16;1.1428
1952-04-16;0.89178
1952-05-16;1.1329
1952-06-16;0.45023
1952-07-16;0.14976
1952-08-16;0.097095
1952-09-16;-0.22787
1952-10-16;-0.91081
1952-11-16;-0.71597
1952-12-16;-0.83888
1953-01-16;-0.90904
1953-02-15;-0.84097
1953-03-16;-1.2172
1953-04-16;-0.9661
1953-05-16;-1.1821
1953-06-16;-0.71042
1953-07-16;-0.25375
1953-08-16;-0.34581
1953-09-16;-0.33797
1953-10-16;-0.17991
1953-11-16;-0.43508
1953-12-16;-0.42275
1954-01-16;-0.48557
1954-02-15;-0.88968
1954-03-16;-0.54502
1954-04-16;-1.2436
1954-05-16;-1.4671
1954-06-16;-1.7819
1954-07-16;-1.9779
1954-08-16;-1.9751
1954-09-16;-1.6875
1954-10-16;-1.6282
1954-11-16;-1.7007
1954-12-16;-1.7751
1955-01-16;-1.6442
1955-02-15;-1.2979
1955-03-16;-1.4634
1955-04-16;-1.4103
1955-05-16;-1.3087
1955-06-16;-0.61389
1955-07-16;-0.71094
1955-08-16;-0.62807
1955-09-16;-0.45384
1955-10-16;-0.55384
1955-11-16;-0.25669
1955-12-16;-0.20549
1956-01-16;-0.25985
1956-02-15;-0.25264
1956-03-16;-0.37339
1956-04-16;-0.083972
1956-05-16;-0.14102
1956-06-16;-0.99525
1956-07-16;-0.47506
1956-08-16;-0.4712
1956-09-16;-0.86639
1956-10-16;-0.86959
1956-11-16;-0.86817
1956-12-16;-0.85032
1957-01-16;-0.74435
1957-02-15;-1.0103
1957-03-16;-0.88812
1957-04-16;-0.15476
1957-05-16;0.96587
1957-06-16;1.3405
1957-07-16;1.0575
1957-08-16;1.158
1957-09-16;1.3566
1957-10-16;1.7566
1957-11-16;1.7602
1957-12-16;1.6352
1958-01-16;1.4108
1958-02-15;1.525
1958-03-16;1.7595
1958-04-16;1.5077
1958-05-16;0.78102
1958-06-16;0.85543
1958-07-16;1.1401
1958-08-16;0.74012
1958-09-16;0.68169
1958-10-16;0.12247
1958-11-16;-0.14235
1958-12-16;0.15049
1959-01-16;0.30983
1959-02-15;0.45295
1959-03-16;0.28625
1959-04-16;0.052817
1959-05-16;0.40618
1959-06-16;-0.064311
1959-07-16;-0.78033
1959-08-16;-0.80355
1959-09-16;-0.40699
1959-10-16;0.21409
1959-11-16;0.17174
1959-12-16;-0.073033
1960-01-16;-0.082588
1960-02-15;-0.044127
1960-03-16;-0.33191
1960-04-16;-0.49429
1960-05-16;-1.175
1960-06-16;-1.1223
1960-07-16;-1.0677
1960-08-16;-1.2013
1960-09-16;-1.4957
1960-10-16;-1.6887
1960-11-16;-1.625
1960-12-16;-1.4223
1961-01-16;-1.6187
1961-02-15;-1.8059
1961-03-16;-1.4334
1961-04-16;-1.3853
1961-05-16;-0.8482
1961-06-16;-0.62427
1961-07-16;-0.068167
1961-08-16;0.47738
1961-09-16;1.2914
1961-10-16;1.1342
1961-11-16;1.2746
1961-12-16;1.1964
1962-01-16;1.4704
1962-02-15;1.6575
1962-03-16;1.3031
1962-04-16;1.1498
1962-05-16;0.76493
1962-06-16;1.0565
1962-07-16;1.1174
1962-08-16;0.60093
1962-09-16;-0.21957
1962-10-16;-0.21642
1962-11-16;-0.44218
1962-12-16;-0.53228
1963-01-16;-0.57558
1963-02-15;-0.83433
1963-03-16;-0.7852
1963-04-16;-0.66409
1963-05-16;-1.1272
1963-06-16;-1.1087
1963-07-16;-1.667
1963-08-16;-1.1037
1963-09-16;-0.80131
1963-10-16;-0.86621
1963-11-16;-0.95455
1963-12-16;-0.90546
1964-01-16;-1.152
1964-02-15;-0.92158
1964-03-16;-0.87869
1964-04-16;-0.5939
1964-05-16;-0.40406
1964-06-16;-0.72805
1964-07-16;-0.75342
1964-08-16;-1.2615
1964-09-16;-1.4437
1964-10-16;-1.5494
1964-11-16;-1.3815
1964-12-16;-1.3662
1965-01-16;-1.3316
1965-02-15;-1.3823
1965-03-16;-1.3039
1965-04-16;-1.5944
1965-05-16;-1.2743
1965-06-16;-0.56459
1965-07-16;0.28534
1965-08-16;0.44106
1965-09-16;1.1734
1965-10-16;1.2373
1965-11-16;1.0828
1965-12-16;1.0577
1966-01-16;0.98056
1966-02-15;0.95861
1966-03-16;0.46996
1966-04-16;0.57496
1966-05-16;-0.38821
1966-06-16;-1.0023
1966-07-16;-1.5148
1966-08-16;-1.436
1966-09-16;-1.7297
1966-10-16;-1.6471
1966-11-16;-1.5413
1966-12-16;-1.547
1967-01-16;-1.5627
1967-02-15;-1.6403
1967-03-16;-1.5919
1967-04-16;-1.4446
1967-05-16;-0.12403
1967-06-16;0.45119
1967-07-16;0.85109
1967-08-16;0.80801
1967-09-16;0.56343
1967-10-16;0.48599
1967-11-16;0.53884
1967-12-16;0.77507
1968-01-16;0.71784
1968-02-15;0.79207
1968-03-16;0.82197
1968-04-16;0.99639
1968-05-16;0.68355
1968-06-16;-0.24289
1968-07-16;-0.60449
1968-08-16;-0.32752
1968-09-16;-0.40337
1968-10-16;-0.29748
1968-11-16;-0.21232
1968-12-16;-0.41568
1969-01-16;-0.3819
1969-02-15;-0.41762
1969-03-16;-0.17524
1969-04-16;-0.74054
1969-05-16;-0.74884
1969-06-16;0.092911
1969-07-16;-0.053345
1969-08-16;-0.61809
1969-09-16;-0.44216
1969-10-16;0.59544
1969-11-16;0.45004
1969-12-16;0.44044
1970-01-16;0.40007
1970-02-15;0.19293
1970-03-16;0.50297
1970-04-16;0.85206
1970-05-16;0.29009
1970-06-16;-0.032657
1970-07-16;-0.01774
1970-08-16;-0.1082
1970-09-16;0.20756
1970-10-16;-0.41966
1970-11-16;-0.32609
1970-12-16;-0.3277
1971-01-16;-0.31191
1971-02-15;0.045957
1971-03-16;-0.20778
1971-04-16;0.23111
1971-05-16;0.64875
1971-06-16;0.019771
1971-07-16;-0.024666
1971-08-16;-0.03848
1971-09-16;0.28407
1971-10-16;0.15791
1971-11-16;-0.0008925
1971-12-16;0.013571
1972-01-16;0.088663
1972-02-15;-0.27714
1972-03-16;-0.6439
1972-04-16;-1.0453
1972-05-16;-1.2171
1972-06-16;-0.84811
1972-07-16;-0.61005
1972-08-16;-0.022481
1972-09-16;-0.40156
1972-10-16;-0.40885
1972-11-16;-0.0027204
1972-12-16;0.23432
1973-01-16;0.41532
1973-02-15;0.63958
1973-03-16;1.3491
1973-04-16;1.7098
1973-05-16;1.8186
1973-06-16;1.5795
1973-07-16;1.8493
1973-08-16;1.3948
1973-09-16;1.8657
1973-10-16;1.6327
1973-11-16;1.5607
1973-12-16;1.5555
1974-01-16;1.5338
1974-02-15;1.4862
1974-03-16;1.142
1974-04-16;0.77619
1974-05-16;0.16156
1974-06-16;0.38857
1974-07-16;-0.21274
1974-08-16;-0.068419
1974-09-16;-0.79542
1974-10-16;-0.60781
1974-11-16;-0.8152
1974-12-16;-1.0033
1975-01-16;-1.2154
1975-02-15;-1.1657
1975-03-16;-1.1214
1975-04-16;-1.12
1975-05-16;0.0097472
1975-06-16;0.15111
1975-07-16;0.42198
1975-08-16;0.46024
1975-09-16;0.35658
1975-10-16;0.17062
1975-11-16;0.21091
1975-12-16;0.2516
1976-01-16;0.2826
1976-02-15;0.18376
1976-03-16;0.098236
1976-04-16;0.091059
1976-05-16;-0.58589
1976-06-16;-0.97414
1976-07-16;-1.1798
1976-08-16;-1.1288
1976-09-16;-0.92639
1976-10-16;-0.82633
1976-11-16;-1.0067
1976-12-16;-1.1888
1977-01-16;-1.2402
1977-02-15;-1.3038
1977-03-16;-1.1957
1977-04-16;-1.1254
1977-05-16;-1.1768
1977-06-16;-1.2132
1977-07-16;-0.77496
1977-08-16;-0.74332
1977-09-16;-0.99991
1977-10-16;-1.0861
1977-11-16;-0.99629
1977-12-16;-0.95749
1978-01-16;-0.91071
1978-02-15;-0.69601
1978-03-16;-1.0008
1978-04-16;-1.2657
1978-05-16;-0.31967
1978-06-16;-0.12165
1978-07-16;-0.75522
1978-08-16;-0.84913
1978-09-16;-0.77517
1978-10-16;-0.54495
1978-11-16;-0.54088
1978-12-16;-0.19555
1979-01-16;-0.098242
1979-02-15;-0.29889
1979-03-16;0.083394
1979-04-16;0.053775
1979-05-16;-0.42979
1979-06-16;-0.010893
1979-07-16;0.15174
1979-08-16;0.69558
1979-09-16;0.62054
1979-10-16;0.52704
1979-11-16;0.93379
1979-12-16;0.82624
1980-01-16;0.91304
1980-02-15;1.0713
1980-03-16;1.1258
1980-04-16;1.2861
1980-05-16;1.174
1980-06-16;0.29433
1980-07-16;0.17751
1980-08-16;-0.44862
1980-09-16;-0.23341
1980-10-16;-0.17534
1980-11-16;-0.65619
1980-12-16;-1.0401
1981-01-16;-1.4253
1981-02-15;-1.5584
1981-03-16;-1.6534
1981-04-16;-2.0516
1981-05-16;-1.579
1981-06-16;-1.2165
1981-07-16;-0.98195
1981-08-16;-0.71683
1981-09-16;-0.74206
1981-10-16;-0.4843
1981-11-16;-0.6579
1981-12-16;-0.40861
1982-01-16;-0.33195
1982-02-15;-0.2708
1982-03-16;-0.57482
1982-04-16;-0.49041
1982-05-16;-0.79256
1982-06-16;0.050424
1982-07-16;0.22702
1982-08-16;-0.07838
1982-09-16;0.64398
1982-10-16;0.68167
1982-11-16;0.97804
1982-12-16;1.2377
1983-01-16;1.1611
1983-02-15;1.1313
1983-03-16;1.8516
1983-04-16;2.4319
1983-05-16;2.5446
1983-06-16;2.6155
1983-07-16;2.5282
1983-08-16;2.675
1983-09-16;1.927
1983-10-16;1.6483
1983-11-16;1.902
1983-12-16;1.8972
1984-01-16;2.0641
1984-02-15;2.2429
1984-03-16;1.8657
1984-04-16;1.711
1984-05-16;1.1313
1984-06-16;0.73219
1984-07-16;0.75986
1984-08-16;1.0082
1984-09-16;1.2075
1984-10-16;1.7553
1984-11-16;1.3183
1984-12-16;1.1316
1985-01-16;1.1834
1985-02-15;1.1645
1985-03-16;0.83701
1985-04-16;0.25638
1985-05-16;0.41001
1985-06-16;0.099822
1985-07-16;0.44543
1985-08-16;-0.071408
1985-09-16;0.38531
1985-10-16;-0.18904
1985-11-16;0.22091
1985-12-16;0.35041
1986-01-16;-0.10008
1986-02-15;-0.26717
1986-03-16;-0.40739
1986-04-16;-0.073328
1986-05-16;0.086329
1986-06-16;0.27871
1986-07-16;-0.24888
1986-08-16;-0.12011
1986-09-16;-0.28124
1986-10-16;0.11974
1986-11-16;-0.10955
1986-12-16;-0.19645
1987-01-16;0.044507
1987-02-15;0.23414
1987-03-16;0.78837
1987-04-16;0.26198
1987-05-16;0.90321
1987-06-16;0.93084
1987-07-16;0.93084
1987-08-16;1.2043
1987-09-16;0.85219
1987-10-16;0.20595
1987-11-16;0.32518
1987-12-16;0.543
1988-01-16;0.67838
1988-02-15;0.52369
1988-03-16;0.53846
1988-04-16;0.70207
1988-05-16;0.40426
1988-06-16;-0.0653
1988-07-16;-0.27809
1988-08-16;-0.59166
1988-09-16;-0.37982
1988-10-16;-0.47625
1988-11-16;-0.71766
1988-12-16;-0.8658
1989-01-16;-1.0334
1989-02-15;-0.73605
1989-03-16;-1.1336
1989-04-16;-1.2383
1989-05-16;-1.6699
1989-06-16;-1.1646
1989-07-16;-1.158
1989-08-16;-0.91177
1989-09-16;-0.72328
1989-10-16;-0.42956
1989-11-16;-0.59403
1989-12-16;-0.62027
1990-01-16;-0.64346
1990-02-15;-0.93053
1990-03-16;0.0071976
1990-04-16;0.3445
1990-05-16;0.67807
1990-06-16;0.014826
1990-07-16;0.94265
1990-08-16;0.96613
1990-09-16;0.65298
1990-10-16;0.723
1990-11-16;0.89327
1990-12-16;0.92715
1991-01-16;0.99345
1991-02-15;0.74916
1991-03-16;-0.11569
1991-04-16;-0.048197
1991-05-16;0.036634
1991-06-16;0.90172
1991-07-16;0.3031
1991-08-16;0.23965
1991-09-16;0.36122
1991-10-16;0.26461
1991-11-16;0.49633
1991-12-16;0.33775
1992-01-16;0.42249
1992-02-15;0.46822
1992-03-16;0.97484
1992-04-16;0.52816
1992-05-16;-0.031136
1992-06-16;-0.18087
1992-07-16;-0.021698
1992-08-16;0.24168
1992-09-16;-0.047745
1992-10-16;-0.085732
1992-11-16;-0.053885
1992-12-16;0.1897
1993-01-16;0.14101
1993-02-15;0.54595
1993-03-16;0.21468
1993-04-16;0.97606
1993-05-16;1.1345
1993-06-16;1.1567
1993-07-16;0.93811
1993-08-16;0.65184
1993-09-16;1.1783
1993-10-16;1.5923
1993-11-16;1.6052
1993-12-16;1.463
1994-01-16;1.3126
1994-02-15;1.1535
1994-03-16;0.94082
1994-04-16;0.79283
1994-05-16;0.48913
1994-06-16;-0.32326
1994-07-16;-0.52605
1994-08-16;-0.78272
1994-09-16;-1.2449
1994-10-16;-1.3032
1994-11-16;-1.4505
1994-12-16;-1.4816
1995-01-16;-1.4683
1995-02-15;-1.5297
1995-03-16;-1.4312
1995-04-16;-1.1937
1995-05-16;0.47491
1995-06-16;1.4622
1995-07-16;1.5451
1995-08-16;1.4108
1995-09-16;1.8596
1995-10-16;1.5764
1995-11-16;1.4355
1995-12-16;1.4189
1996-01-16;1.4809
1996-02-15;1.4702
1996-03-16;1.6623
1996-04-16;1.2649
1996-05-16;0.54099
1996-06-16;-0.25271
1996-07-16;-0.30237
1996-08-16;-0.028483
1996-09-16;0.011106
1996-10-16;-0.046399
1996-11-16;-0.0091181
1996-12-16;-0.071212
1997-01-16;-0.049431
1997-02-15;0.15073
1997-03-16;-0.12872
1997-04-16;0.58987
1997-05-16;0.51748
1997-06-16;0.87418
1997-07-16;1.3614
1997-08-16;1.961
1997-09-16;1.5621
1997-10-16;1.7918
1997-11-16;1.9221
1997-12-16;2.1185
1998-01-16;1.9566
1998-02-15;1.9441
1998-03-16;2.1493
1998-04-16;1.9665
1998-05-16;1.8504
1998-06-16;1.8209
1998-07-16;2.0376
1998-08-16;1.6592
1998-09-16;1.2485
1998-10-16;1.3637
1998-11-16;1.2943
1998-12-16;1.2694
1999-01-16;1.2411
1999-02-15;0.97923
1999-03-16;0.60008
1999-04-16;1.0642
1999-05-16;1.3264
1999-06-16;1.216
1999-07-16;0.65204
1999-08-16;0.87923
1999-09-16;1.3753
1999-10-16;0.75731
1999-11-16;0.46074
1999-12-16;0.26341
2000-01-16;0.18225
2000-02-15;0.25609
2000-03-16;0.57375
2000-04-16;-0.23451
2000-05-16;-0.53118
2000-06-16;-0.91825
2000-07-16;-1.0552
2000-08-16;-1.3248
2000-09-16;-1.4437
2000-10-16;-1.1684
2000-11-16;-0.67077
2000-12-16;-0.52271
2001-01-16;-0.3192
2001-02-15;-0.1102
2001-03-16;-0.15571
2001-04-16;0.24048
2001-05-16;0.43204
2001-06-16;0.44063
2001-07-16;0.5725
2001-08-16;0.46427
2001-09-16;0.32129
2001-10-16;0.17243
2001-11-16;-0.16328
2001-12-16;-0.29907
2002-01-16;-0.41628
2002-02-15;-0.57759
2002-03-16;-0.39729
2002-04-16;-0.89068
2002-05-16;-1.2821
2002-06-16;-1.4232
2002-07-16;-1.8918
2002-08-16;-1.6644
2002-09-16;-1.619
2002-10-16;-1.3063
2002-11-16;-1.2713
2002-12-16;-1.2968
2003-01-16;-1.4777
2003-02-15;-1.3192
2003-03-16;-1.1466
2003-04-16;-0.68995
2003-05-16;-0.50567
2003-06-16;0.20424
2003-07-16;0.22603
2003-08-16;0.021621
2003-09-16;-0.039345
2003-10-16;-0.66926
2003-11-16;-0.5662
2003-12-16;-0.4773
2004-01-16;-0.29458
2004-02-15;-0.34945
2004-03-16;-1.0258
2004-04-16;-1.1173
2004-05-16;-1.4141
2004-06-16;-1.3302
2004-07-16;-0.75971
2004-08-16;-0.50487
2004-09-16;0.013911
2004-10-16;0.48862
2004-11-16;0.53265
2004-12-16;0.44223
2005-01-16;0.47871
2005-02-15;0.23506
2005-03-16;0.46639
2005-04-16;0.60908
2005-05-16;0.86756
2005-06-16;1.1475
2005-07-16;0.69102
2005-08-16;0.46326
2005-09-16;-0.21495
2005-10-16;0.095155
2005-11-16;-0.23226
2005-12-16;-0.12032
2006-01-16;-0.38462
2006-02-15;-0.26172
2006-03-16;-0.030027
2006-04-16;-0.54465
2006-05-16;-1.0192
2006-06-16;-2.0054
2006-07-16;-1.8982
2006-08-16;-1.872
2006-09-16;-1.5101
2006-10-16;-1.6331
2006-11-16;-1.5996
2006-12-16;-1.5195
2007-01-16;-1.2247
2007-02-15;-1.1848
2007-03-16;-1.3803
2007-04-16;-1.0141
2007-05-16;-0.63736
2007-06-16;-0.46885
2007-07-16;-0.27031
2007-08-16;-0.23824
2007-09-16;-0.39432
2007-10-16;-0.45113
2007-11-16;-0.54088
2007-12-16;-0.3838
2008-01-16;-0.54984
2008-02-15;-0.57497
2008-03-16;-0.50876
2008-04-16;-0.76716
2008-05-16;-0.52922
2008-06-16;-0.16114
2008-07-16;-0.40742
2008-08-16;0.014595
2008-09-16;0.21316
2008-10-16;0.086954
2008-11-16;0.1763
2008-12-16;-0.030213
2009-01-16;-0.089034
2009-02-15;-0.27261
2009-03-16;-0.24769
2009-04-16;0.4943
2009-05-16;0.13092
2009-06-16;0.97198
2009-07-16;1.5553
2009-08-16;1.032
2009-09-16;0.79618
2009-10-16;1.3159
2009-11-16;1.3183
2009-12-16;1.4936
2010-01-16;1.4676
2010-02-15;1.7437
2010-03-16;1.8276
2010-04-16;1.8215
2010-05-16;2.1732
2010-06-16;1.8641
2010-07-16;1.6514
2010-08-16;1.8006
2010-09-16;1.3582
2010-10-16;0.7188
2010-11-16;0.83814
2010-12-16;0.51458
2011-01-16;0.62125
2011-02-15;0.58585
2011-03-16;0.45116
2011-04-16;-0.0096183
2011-05-16;0.09129
2011-06-16;-0.25566
2011-07-16;0.18147
2011-08-16;-0.067422
2011-09-16;0.19634
2011-10-16;0.49037
2011-11-16;0.42322
2011-12-16;0.61977
2012-01-16;0.38299
2012-02-15;0.33812
2012-03-16;-0.11196
2012-04-16;-0.43701
2012-05-16;-1.3647
2012-06-16;-1.7443
2012-07-16;-2.1987
2012-08-16;-2.2952
2012-09-16;-2.2969
2012-10-16;-2.4891
2012-11-16;-2.5434
2012-12-16;-2.5583
2013-01-16;-2.5318
2013-02-15;-2.4811
2013-03-16;-2.3176
2013-04-16;-1.9845
2013-05-16;-1.6948
2013-06-16;-1.6634
2013-07-16;-1.4763
2013-08-16;-0.97488
2013-09-16;-0.47626
2013-10-16;-0.07567
2013-11-16;0.1106
2013-12-16;0.13133
2014-01-16;0.18225
2014-02-15;0.22682
2014-03-16;0.29448
2014-04-16;0.0067431
2014-05-16;0.27449
2014-06-16;0.87151
2014-07-16;1.1007
2014-08-16;1.2859
2014-09-16;1.0887
2014-10-16;0.57561
2014-11-16;0.74235
2014-12-16;0.7665
2015-01-16;0.64382
2015-02-15;0.48705
2015-03-16;0.19718
2015-04-16;0.51571
2015-05-16;1.4489
2015-06-16;1.393
2015-07-16;1.2416
2015-08-16;1.0101
2015-09-16;0.46097
2015-10-16;0.73055
2015-11-16;0.73464
2015-12-16;0.7407
2016-01-16;0.82274
2016-02-15;0.73449
2016-03-16;1.1613
2016-04-16;1.496
2016-05-16;0.98793
2016-06-16;0.70459
2016-07-16;0.39162
2016-08-16;0.29232
2016-09-16;0.51417
2016-10-16;0.1461
2016-11-16;-0.11684
2016-12-16;-0.13939
2017-01-16;-0.0079793
2017-02-15;-0.092779
2017-03-16;-0.39086
2017-04-16;-0.9019
2017-05-16;-0.8228
2017-06-16;-0.89768
2017-07-16;-0.84864
2017-08-16;-0.74948
2017-09-16;-0.40427
2017-10-16;0.0038896
2017-11-16;-0.13689
2017-12-16;-0.27126
2018-01-16;-0.48826
2018-02-15;-0.35215
2018-03-16;-0.24677
2018-04-16;-0.58522
2018-05-16;-1.051
2018-06-16;-0.94229
2018-07-16;-0.81595
2018-08-16;-0.74244
2018-09-16;-1.0697
2018-10-16;-0.89066
2018-11-16;-0.61136
2018-12-16;-0.53489
2019-01-16;-0.50258
2019-02-15;-0.48701
2019-03-16;0.14454
2019-04-16;0.25451
2019-05-16;1.0065
2019-06-16;1.5322
2019-07-16;1.5905
2019-08-16;1.2922
2019-09-16;1.2811
2019-10-16;1.2122
2019-11-16;1.3108
2019-12-16;1.2993
2020-01-16;1.1872
2020-02-15;1.2325
2020-03-16;0.77908
2020-04-16;0.67989
2020-05-16;-0.6538
2020-06-16;-1.2206
2020-07-16;-1.3666
2020-08-16;-1.5954
2020-09-16;-1.5142
2020-10-16;-1.7142
2020-11-16;-1.9902
2020-12-16;-1.989
